Medicine,ImagePath,Status
"ISOJET 10MG CAP 10'S","/images/medicines/isojet-10mg-cap-10-s.jpg","Success"
"ROSACEA SOAP 75 GM","/images/medicines/rosacea-soap-75-gm.jpg","Success"
"BANDY PLUS BOTTLE OF 10ML SUSPENSION","/images/medicines/bandy-plus-bottle-of-10ml-suspension.jpg","Success"
"COMBIHALE FF 250 REDICAPS 30BOX","/images/medicines/combihale-ff-250-redicaps-30box.jpg","Success"
"FUCIBET CREAM 15GM 15GM","/images/medicines/fucibet-cream-15gm-15gm.jpg","Success"
"ZEVITON SYP-200ML - 200  ML","/images/medicines/zeviton-syp-200ml-200-ml.jpg","Success"
"KETO SOAP 50GM 50GM","/images/medicines/keto-soap-50gm-50gm.jpg","Success"
"KETO SOAP 100GM 100GM","/images/medicines/keto-soap-100gm-100gm.jpg","Success"
"O2 TAB STRIP 10'S","/images/medicines/o2-tab-strip-10-s.jpg","Success"
"ENERZAL ZERO ORANGE FLAVOUR BOTTLE OF 400ML LIQUID","/images/medicines/enerzal-zero-orange-flavour-bottle-of-400ml-liquid.jpg","Success"
"GLYCIPHAGE VG1 TAB 10'S","/images/medicines/glyciphage-vg1-tab-10-s.jpg","Success"
"NEERI SYRUP 100ML","/images/medicines/neeri-syrup-100ml.jpg","Success"
"DEN TONIC PILL 10GM","/images/medicines/den-tonic-pill-10gm.jpg","Success"
"KETZ SOAP 75GM","/images/medicines/ketz-soap-75gm.jpg","Success"
"THYRONORM 50MCG TAB 120``S 120`S","/images/medicines/thyronorm-50mcg-tab-120-s-120-s.jpg","Success"
"ENERZAL PET ORANGE LIQUID 400 ML","/images/medicines/enerzal-pet-orange-liquid-400-ml.jpg","Success"
"BONABONA -XT - 15CAP","/images/medicines/bonabona-xt-15cap.jpg","Success"
"CUFDOZ AD SYP - 100ML","/images/medicines/cufdoz-ad-syp-100ml.jpg","Success"
"DEPLATT A 75MG STRIP OF 15 TABLETS","/images/medicines/deplatt-a-75mg-strip-of-15-tablets.jpg","Success"
"NOVASTAT 10MG TAB 15`S","/images/medicines/novastat-10mg-tab-15-s.jpg","Success"
"VILDAPRIDE M 50/500MG TAB - 15TAB","/images/medicines/vildapride-m-50-500mg-tab-15tab.jpg","Success"
"VILPOWER M 500MG TABLET 10'S","/images/medicines/vilpower-m-500mg-tablet-10-s.jpg","Success"
"CABGOLIN 0.5MG TABLET 4'S","/images/medicines/cabgolin-0-5mg-tablet-4-s.jpg","Success"
"CALADRYL SKIN ALLERGY LOTION FOR ALL SKIN TYPES - 125ML","/images/medicines/caladryl-skin-allergy-lotion-for-all-skin-types-125ml.jpg","Success"
"TAZLOC AM 40MG STRIP OF 10 TABLETS","/images/medicines/tazloc-am-40mg-strip-of-10-tablets.jpg","Success"
"BETNOVATE GM CREAM - 20GM","/images/medicines/betnovate-gm-cream-20gm.jpg","Success"
"BETNOVATE C CREAM 30GM","/images/medicines/betnovate-c-cream-30gm.jpg","Success"
"REXIDIN M FORTE GEL 15GM","/images/medicines/rexidin-m-forte-gel-15gm.jpg","Success"
"OVRAL G TABLET 20'S","/images/medicines/ovral-g-tablet-20-s.jpg","Success"
"OVRAL L STRIP OF 21 TABLETS","/images/medicines/ovral-l-strip-of-21-tablets.jpg","Success"
"TELMIDUCE AM TAB 10'S","/images/medicines/telmiduce-am-tab-10-s.jpg","Success"
"MAHACEF CV 200MG TAB 6`S","/images/medicines/mahacef-cv-200mg-tab-6-s.jpg","Success"
"SOMPRAZ D 40MG CAP 15'S","/images/medicines/sompraz-d-40mg-cap-15-s.jpg","Success"
"LIPIROSE 20MG TABLET 10'S","/images/medicines/lipirose-20mg-tablet-10-s.jpg","Success"
"VETORY SP TABLET 10'S","/images/medicines/vetory-sp-tablet-10-s.jpg","Success"
"PYZINA 750MG TABLET","/images/medicines/pyzina-750mg-tablet.jpg","Success"
"NUCORT M 4MG STRIP OF 10 TABLETS","/images/medicines/nucort-m-4mg-strip-of-10-tablets.jpg","Success"
"MYCODERM POWDER 150GM 150GM","/images/medicines/mycoderm-powder-150gm-150gm.jpg","Success"
"COLICAID SYRUP 60ML","/images/medicines/colicaid-syrup-60ml.jpg","Success"
"CALPOL PAED DROPS 15ML","/images/medicines/calpol-paed-drops-15ml.jpg","Success"
"TUMMY SOFT 5GM BOTTLE OF 50ML DRY SYRUP","/images/medicines/tummy-soft-5gm-bottle-of-50ml-dry-syrup.jpg","Success"
"TELVAS H 40MG TAB 10`S","/images/medicines/telvas-h-40mg-tab-10-s.jpg","Success"
"ZORYL M 1MG STRIP OF 20 TABLETS","","Error"
"BETAMIL GM TUBE OF 30GM CREAM","/images/medicines/betamil-gm-tube-of-30gm-cream.jpg","Success"
"COLIZA D PEPPERMINT FALV SUSP 30ML","/images/medicines/coliza-d-peppermint-falv-susp-30ml.jpg","Success"
"CANDID TOTAL PLUS CREAM 20 GM","/images/medicines/candid-total-plus-cream-20-gm.jpg","Success"
"CTD M 6.25/25MG TABLET 10'S","/images/medicines/ctd-m-6-25-25mg-tablet-10-s.jpg","Success"
"ENERZAL ORANGE POW - 75GM","/images/medicines/enerzal-orange-pow-75gm.jpg","Success"
"ZEROLAC POWDER 400GM","/images/medicines/zerolac-powder-400gm.jpg","Success"
"DIZITAC TABLET 10'S","/images/medicines/dizitac-tablet-10-s.jpg","Success"
"SUPRACAL XT TAB - 15'S","/images/medicines/supracal-xt-tab-15-s.jpg","Success"
"RAXNIN SACHET - 5G","/images/medicines/raxnin-sachet-5g.jpg","Success"
"NAPRA D 500MG TAB - 10TAB","/images/medicines/napra-d-500mg-tab-10tab.jpg","Success"
"EPILIVE 500MG TAB - 15TAB","/images/medicines/epilive-500mg-tab-15tab.jpg","Success"
"AACTARIL SOAP 75GM","/images/medicines/aactaril-soap-75gm.jpg","Success"
"VOGLINORM GM 1MG STRIP OF 15 TABLETS","/images/medicines/voglinorm-gm-1mg-strip-of-15-tablets.jpg","Success"
"PREDMET 4MG STRIP OF 15 TABLETS","/images/medicines/predmet-4mg-strip-of-15-tablets.jpg","Success"
"LINARES M STRIP OF 10 TABLETS","/images/medicines/linares-m-strip-of-10-tablets.jpg","Success"
"CARRIAGO GEL - 30GM","/images/medicines/carriago-gel-30gm.jpg","Success"
"EMOLENE CREAM 100GM 100GM","/images/medicines/emolene-cream-100gm-100gm.jpg","Success"
"MACSART H 40/12.5MG TABLET 10'S","/images/medicines/macsart-h-40-12-5mg-tablet-10-s.jpg","Success"
"EVERFLAM SP TAB - 10TAB","/images/medicines/everflam-sp-tab-10tab.jpg","Success"
"UNWANTED 72 TAB - 1'S","/images/medicines/unwanted-72-tab-1-s.jpg","Success"
"OMEZ INSTA MINT FLAV SACH 5.9GM 6GM","","Error"
"ROZLIV SYP 200ML - 200  ML","/images/medicines/rozliv-syp-200ml-200-ml.jpg","Success"
"R B TONE BOTTLE OF 200ML SYRUP","/images/medicines/r-b-tone-bottle-of-200ml-syrup.jpg","Success"
"NASOWASH SACHET 8GM","/images/medicines/nasowash-sachet-8gm.jpg","Success"
"ORASORE STRIP OF 10 MOUTH ULCER TABLETS","/images/medicines/orasore-strip-of-10-mouth-ulcer-tablets.jpg","Success"
"ORASORE CHARCOAL TOOTHPASTE - 120GM","/images/medicines/orasore-charcoal-toothpaste-120gm.jpg","Success"
"ELECTRAL POWDER  - 21.8GM","/images/medicines/electral-powder-21-8gm.jpg","Success"
"MET XL 12.5MG TAB - 20`S","/images/medicines/met-xl-12-5mg-tab-20-s.jpg","Success"
"ELECTRAL POWDER - 4.4GM","/images/medicines/electral-powder-4-4gm.jpg","Success"
"DABUR DASHMULARISHTA 450ML","/images/medicines/dabur-dashmularishta-450ml.jpg","Success"
"ROGAN DIMAGE ROSHAN OIL 400 ML","/images/medicines/rogan-dimage-roshan-oil-400-ml.jpg","Success"
"SARTEL 40MG STRIP OF 15 TABLETS","/images/medicines/sartel-40mg-strip-of-15-tablets.jpg","Success"
"AMBROLITE LEVO SYP 100ML","/images/medicines/ambrolite-levo-syp-100ml.jpg","Success"
"SIMYL MCT POWDER 400GM","/images/medicines/simyl-mct-powder-400gm.jpg","Success"
"CARMICIDE DROPS 15ML BOTTLE 15ML","/images/medicines/carmicide-drops-15ml-bottle-15ml.jpg","Success"
"NEERI SYP 200ML","/images/medicines/neeri-syp-200ml.jpg","Success"
"OPTIMOIST EYE DROP 10ML","/images/medicines/optimoist-eye-drop-10ml.jpg","Success"
"FLUTICONE OX BOTTLE OF 70MD NASAL SPRAY","/images/medicines/fluticone-ox-bottle-of-70md-nasal-spray.jpg","Success"
"UPRISE D3 400IU BOTTLE OF 15ML DROPS","/images/medicines/uprise-d3-400iu-bottle-of-15ml-drops.jpg","Success"
"CTD O 6.25/40MG TABLET 10'S","/images/medicines/ctd-o-6-25-40mg-tablet-10-s.jpg","Success"
"CITRO SODA SACHET OF 5GM GRANULES","/images/medicines/citro-soda-sachet-of-5gm-granules.jpg","Success"
"ECOSPRIN AV 75MG CAP - 15`S","/images/medicines/ecosprin-av-75mg-cap-15-s.jpg","Success"
"ARISTOZYME SYP 200ML","/images/medicines/aristozyme-syp-200ml.jpg","Success"
"AMLOVAS M 5/50MG TABLET 10'S","/images/medicines/amlovas-m-5-50mg-tablet-10-s.jpg","Success"
"CONCOR PLUS TABLET 10'S","/images/medicines/concor-plus-tablet-10-s.jpg","Success"
"AMLOPIN 5MG STRIP OF 10 TABLETS","/images/medicines/amlopin-5mg-strip-of-10-tablets.jpg","Success"
"PIL ELECTROLYTE ORS POW - 21.8GM","/images/medicines/pil-electrolyte-ors-pow-21-8gm.jpg","Success"
"ISRYL M 1 TAB 15'S","/images/medicines/isryl-m-1-tab-15-s.jpg","Success"
"FUNGICROS LOTION - 30ML","/images/medicines/fungicros-lotion-30ml.jpg","Success"
"ROSUMAC GOLD 20MG CAPSULE 10'S","/images/medicines/rosumac-gold-20mg-capsule-10-s.jpg","Success"
"HIMALAYA RENALKA SYP 100ML","/images/medicines/himalaya-renalka-syp-100ml.jpg","Success"
"ZEDEX COUGH SYRUP 100 ML","/images/medicines/zedex-cough-syrup-100-ml.jpg","Success"
"KAYAM TAB 30'S","/images/medicines/kayam-tab-30-s.jpg","Success"
"TEDIBAR SOAP 75GM 75GM","/images/medicines/tedibar-soap-75gm-75gm.jpg","Success"
"BELLADONA PLASTER MEHTA 0BOX","/images/medicines/belladona-plaster-mehta-0box.jpg","Success"
"ISTAVEL 100MG STRIP OF 10 TABLETS","/images/medicines/istavel-100mg-strip-of-10-tablets.jpg","Success"
"FRANXIT TAB 10'S","/images/medicines/franxit-tab-10-s.jpg","Success"
"AMLOPRES AT STRIP - 15TAB","/images/medicines/amlopres-at-strip-15tab.jpg","Success"
"RANRAFT SYP - 200ML","/images/medicines/ranraft-syp-200ml.jpg","Success"
"DEXORANGE SYP 200ML","/images/medicines/dexorange-syp-200ml.jpg","Success"
"CRINA NCR 15MG TABLET","/images/medicines/crina-ncr-15mg-tablet.jpg","Success"
"MAGSTONE B6 PINNEAPPLE SF LIQUID 200ML","/images/medicines/magstone-b6-pinneapple-sf-liquid-200ml.jpg","Success"
"OVACARE MYO STRIP OF 12 TABLETS","/images/medicines/ovacare-myo-strip-of-12-tablets.jpg","Success"
"TRAZER MET TABS - 10TAB","/images/medicines/trazer-met-tabs-10tab.jpg","Success"
"FOSTORIA TABLET 10 NO'S","/images/medicines/fostoria-tablet-10-no-s.jpg","Success"
"TRIGLYNASE 1MG TABLET 10'S","/images/medicines/triglynase-1mg-tablet-10-s.jpg","Success"
"METPURE XL 25MG STRIP OF 10 TABLETS","/images/medicines/metpure-xl-25mg-strip-of-10-tablets.jpg","Success"
"SITARED M 50/500MG STRIP OF 15 TABLETS","/images/medicines/sitared-m-50-500mg-strip-of-15-tablets.jpg","Success"
"PANTOCID DSR CAP - 15CAP","/images/medicines/pantocid-dsr-cap-15cap.jpg","Success"
"SURGICLIN CLINICAL SPIRIT 100ML - 100ML","/images/medicines/surgiclin-clinical-spirit-100ml-100ml.jpg","Success"
"ETHIGLO SOAP 75GM","/images/medicines/ethiglo-soap-75gm.jpg","Success"
"SULTY TABLET 4 NO'S","/images/medicines/sulty-tablet-4-no-s.jpg","Success"
"PUDIN HARA CAPSULE 10 NO'S","/images/medicines/pudin-hara-capsule-10-no-s.jpg","Success"
"DABUR PUDIN HARA ACTIVE LIQ 10ML","/images/medicines/dabur-pudin-hara-active-liq-10ml.jpg","Success"
"CYSTONE TAB 60``S 60`S","/images/medicines/cystone-tab-60-s-60-s.jpg","Success"
"TELMA 40MG 30TAB - 30TAB","/images/medicines/telma-40mg-30tab-30tab.jpg","Success"
"TETMOSOL SOAP - 100 GRAM","/images/medicines/tetmosol-soap-100-gram.jpg","Success"
"DREAMFERT M TAB - 10TAB","/images/medicines/dreamfert-m-tab-10tab.jpg","Success"
"SUTHOL SKIN LOTION - 200ML","/images/medicines/suthol-skin-lotion-200ml.jpg","Success"
"SUTHOL ANTISEPTIC LIQUID 100ML","/images/medicines/suthol-antiseptic-liquid-100ml.jpg","Success"
"SUTHOL CHANDAN LIQUID 100ML","/images/medicines/suthol-chandan-liquid-100ml.jpg","Success"
"DOXINATE FORTE STRIP OF 10 TABLETS","/images/medicines/doxinate-forte-strip-of-10-tablets.jpg","Success"
"GLYCIPHAGE G 1 TABLET 20 NO'S","/images/medicines/glyciphage-g-1-tablet-20-no-s.jpg","Success"
"LIBRIUM 10MG STRIP OF 15 TABLETS","/images/medicines/librium-10mg-strip-of-15-tablets.jpg","Success"
"AMROLSTAR 0.25% W/W CREAM 10GM","/images/medicines/amrolstar-0-25-w-w-cream-10gm.jpg","Success"
"TELMIKIND AMH STRIP OF 10 TABLETS","/images/medicines/telmikind-amh-strip-of-10-tablets.jpg","Success"
"ECOSPRIN 75MG STRIP OF 14 TABLETS","/images/medicines/ecosprin-75mg-strip-of-14-tablets.jpg","Success"
"GLYCOMET GP 1MG TAB - 15`S","/images/medicines/glycomet-gp-1mg-tab-15-s.jpg","Success"
"AMODEP AT STRIP OF 15 TABLETS","/images/medicines/amodep-at-strip-of-15-tablets.jpg","Success"
"AARJETRON - 10 TAB - 10TAB","/images/medicines/aarjetron-10-tab-10tab.jpg","Success"
"AARJEITRA-200 - 10 CAP - 10CAP","/images/medicines/aarjeitra-200-10-cap-10cap.jpg","Success"
"AARJEMOL - SP  - 10TAB","/images/medicines/aarjemol-sp-10tab.jpg","Success"
"AARJE CLO MR 10 TAB - 10 TAB","/images/medicines/aarje-clo-mr-10-tab-10-tab.jpg","Success"
"LEMO SYP 60ML","/images/medicines/lemo-syp-60ml.jpg","Success"
"CALAFID SYP -200ML - 200  ML","","Error"
"ADULSA SYP HEALING - 120ML","/images/medicines/adulsa-syp-healing-120ml.jpg","Success"
"BILAARJE M20 - 10TAB","/images/medicines/bilaarje-m20-10tab.jpg","Success"
"AARJE FLAM TAB - 10TAB","/images/medicines/aarje-flam-tab-10tab.jpg","Success"
"RATOL GUM TRAP SMALL  - 1UNIT","/images/medicines/ratol-gum-trap-small-1unit.jpg","Success"
"LICEL OIL 20ML","/images/medicines/licel-oil-20ml.jpg","Success"
"5G VITA PLUS TAB - 10TAB","/images/medicines/5g-vita-plus-tab-10tab.jpg","Success"
"CANDID B CREAM 20GM 20GM","/images/medicines/candid-b-cream-20gm-20gm.jpg","Success"
"UNERGY Q10 SOFTGEL CAP - 10C","/images/medicines/unergy-q10-softgel-cap-10c.jpg","Success"
"AVYUZOL DSR CAP - 10 CAP","/images/medicines/avyuzol-dsr-cap-10-cap.jpg","Success"
"MYOSTAAL LINIMENT 30ML","/images/medicines/myostaal-liniment-30ml.jpg","Success"
"THROMBOPHOB OINT  - 20GM","/images/medicines/thrombophob-oint-20gm.jpg","Success"
"TIMOLET OD EYE DROPS 3ML","/images/medicines/timolet-od-eye-drops-3ml.jpg","Success"
"FORACORT 400MCG ROTACAPS 30'S","/images/medicines/foracort-400mcg-rotacaps-30-s.jpg","Success"
"OXIRAY SYP 200ML","/images/medicines/oxiray-syp-200ml.jpg","Success"
"CIPLADINE SOLU 100ML","/images/medicines/cipladine-solu-100ml.jpg","Success"
"PAN D CAP - 15CAP","/images/medicines/pan-d-cap-15cap.jpg","Success"
"XILINGIO M 10/5/1000 - 10S","/images/medicines/xilingio-m-10-5-1000-10s.jpg","Success"
"COCOMMINE POWDER - 10GM","/images/medicines/cocommine-powder-10gm.jpg","Success"
"BRONKOLYTE LS SYP - 100ML","/images/medicines/bronkolyte-ls-syp-100ml.jpg","Success"
"RINIFOL Z DRY SYP 60ML","/images/medicines/rinifol-z-dry-syp-60ml.jpg","Success"
"I KUL BOTTLE OF 10ML EYE DROPS","/images/medicines/i-kul-bottle-of-10ml-eye-drops.jpg","Success"
"VORKING STRIP OF 10 CAPSULES","/images/medicines/vorking-strip-of-10-capsules.jpg","Success"
"EXAMINATION GLOVES (M) NITRILE 1'S","/images/medicines/examination-gloves-m-nitrile-1-s.jpg","Success"
"SOLEARWAX EAR DROPS 10ML","/images/medicines/solearwax-ear-drops-10ml.jpg","Success"
"TELNIGLIP 20MG STRIP OF 10 TABLETS","/images/medicines/telniglip-20mg-strip-of-10-tablets.jpg","Success"
"CALCITEROLIN 0.25  CALCITRIOL  - 10CAP","/images/medicines/calciterolin-0-25-calcitriol-10cap.jpg","Success"
"GLIMP MP 1MG TAB - 10'S","/images/medicines/glimp-mp-1mg-tab-10-s.jpg","Success"
"X-HEAL FACE WASH - 60 ML","/images/medicines/x-heal-face-wash-60-ml.jpg","Success"
"RINIFOL DRY SYP 60ML","/images/medicines/rinifol-dry-syp-60ml.jpg","Success"
"TRYPTOMER 10MG TAB 30`S","/images/medicines/tryptomer-10mg-tab-30-s.jpg","Success"
"CLOPITAB A 75 CAP - 15S","/images/medicines/clopitab-a-75-cap-15s.jpg","Success"
"MCROTEL 40MG TAB 10'S","/images/medicines/mcrotel-40mg-tab-10-s.jpg","Success"
"JUNIOR LANZOL 15MG STRIP OF 15 TABLETS","/images/medicines/junior-lanzol-15mg-strip-of-15-tablets.jpg","Success"
"GEMER 2MG STRIP OF 15 TABLETS","/images/medicines/gemer-2mg-strip-of-15-tablets.jpg","Success"
"ERITEL CH 40MG STRIP OF 15 TABLETS","/images/medicines/eritel-ch-40mg-strip-of-15-tablets.jpg","Success"
"VILPOWER DM 500 TAB - 10TAB","/images/medicines/vilpower-dm-500-tab-10tab.jpg","Success"
"ONDEM SYP - 30ML","/images/medicines/ondem-syp-30ml.jpg","Success"
"SODAMINT TAB 100'S","/images/medicines/sodamint-tab-100-s.jpg","Success"
"MONISON'S BALM - 10GM","/images/medicines/monison-s-balm-10gm.jpg","Success"
"MONISON'S BALM 25GM","/images/medicines/monison-s-balm-25gm.jpg","Success"
"ERANDEL TEL OIL 200ML","/images/medicines/erandel-tel-oil-200ml.jpg","Success"
"ULTRA Q 300MG STRIP OF 15 CAPSULES","/images/medicines/ultra-q-300mg-strip-of-15-capsules.jpg","Success"
"SEBAMED BABY CREAM EXTRA SOFT - 50ML","/images/medicines/sebamed-baby-cream-extra-soft-50ml.jpg","Success"
"BABYFIVE DROP - 5ML","/images/medicines/babyfive-drop-5ml.jpg","Success"
"CYCLOSET BOTTLE OF 300ML SYRUP","/images/medicines/cycloset-bottle-of-300ml-syrup.jpg","Success"
"INSTAFLEX GEL 30GM","/images/medicines/instaflex-gel-30gm.jpg","Success"
"FOLVITE TAB 45`S","/images/medicines/folvite-tab-45-s.jpg","Success"
"CANDID 1% LOTION 30ML","/images/medicines/candid-1-lotion-30ml.jpg","Success"
"THERMOSEAL PROXA BRUSH 1PACKET","/images/medicines/thermoseal-proxa-brush-1packet.jpg","Success"
"PROHANCE CHOCOLATE NUTRITION DRINK TIN OF 400 G","/images/medicines/prohance-chocolate-nutrition-drink-tin-of-400-g.jpg","Success"
"THYRONORM 100MCG TAB 120``S 120`S","/images/medicines/thyronorm-100mcg-tab-120-s-120-s.jpg","Success"
"HAWABAN HARDE JAR 10/- - 5GM","/images/medicines/hawaban-harde-jar-10-5gm.jpg","Success"
"JALJEERA   HAWABAN  - 3GMX50","/images/medicines/jaljeera-hawaban-3gmx50.jpg","Success"
"FASTAC STRIP OF 15 TABLETS","/images/medicines/fastac-strip-of-15-tablets.jpg","Success"
"CUREON PLUS OIL - 100ML","/images/medicines/cureon-plus-oil-100ml.jpg","Success"
"ZINCOVIT TAB - 15TAB","/images/medicines/zincovit-tab-15tab.jpg","Success"
"ZERODOL SP TABLET","/images/medicines/zerodol-sp-tablet.jpg","Success"
"CUTIMAX O TUBE OF 200GM LOTION","/images/medicines/cutimax-o-tube-of-200gm-lotion.jpg","Success"
"EMBETA XR 50MG STRIP OF 30 TABLETS","/images/medicines/embeta-xr-50mg-strip-of-30-tablets.jpg","Success"
"CTD O 6.25/40MG TAB 15'S","/images/medicines/ctd-o-6-25-40mg-tab-15-s.jpg","Success"
"CIPLOX E/E DROPS 10ML 10ML","/images/medicines/ciplox-e-e-drops-10ml-10ml.jpg","Success"
"TAXIM O BOTTLE OF 30ML DRY SYRUP","/images/medicines/taxim-o-bottle-of-30ml-dry-syrup.jpg","Success"
"OBIMET GX 1MG STRIP OF 15 TABLETS","/images/medicines/obimet-gx-1mg-strip-of-15-tablets.jpg","Success"
"MONTICOPE STRIP OF 10 TABLETS","/images/medicines/monticope-strip-of-10-tablets.jpg","Success"
"GLYCOMET GP 3 850MG TAB - 15TAB","/images/medicines/glycomet-gp-3-850mg-tab-15tab.jpg","Success"
"ROSUFIT 10MG","/images/medicines/rosufit-10mg.jpg","Success"
"GLURA MP 500 - 10 TAB","/images/medicines/glura-mp-500-10-tab.jpg","Success"
"NOSTRA CR 15MG TAB 5'S","/images/medicines/nostra-cr-15mg-tab-5-s.jpg","Success"
"GLYCOMET GP 0.5 15TAB  - 15 TAB","/images/medicines/glycomet-gp-0-5-15tab-15-tab.jpg","Success"
"GLYREE MV 1MG TABLET 10'S","/images/medicines/glyree-mv-1mg-tablet-10-s.jpg","Success"
"PERINORM 10MG TABLET","/images/medicines/perinorm-10mg-tablet.jpg","Success"
"CLINDAC A GEL 20GM 20GM","/images/medicines/clindac-a-gel-20gm-20gm.jpg","Success"
"CRINA NCR 10MG TAB 10``S 10`S","/images/medicines/crina-ncr-10mg-tab-10-s-10-s.jpg","Success"
"BILAZAP M STRIP OF 10 TABLETS","/images/medicines/bilazap-m-strip-of-10-tablets.jpg","Success"
"ZERODOL P TABLET 10'S","/images/medicines/zerodol-p-tablet-10-s.jpg","Success"
"KDCALCIUM  TAB - 10 TAB","/images/medicines/kdcalcium-tab-10-tab.jpg","Success"
"NACHANI SATWA BADAM JIN - 250GM","/images/medicines/nachani-satwa-badam-jin-250gm.jpg","Success"
"MULTANI MATTI BOX - 50GM","/images/medicines/multani-matti-box-50gm.jpg","Success"
"KAYAM CHURNA 50GM","/images/medicines/kayam-churna-50gm.jpg","Success"
"MENTHODEX PAIN BALM - 10GM","/images/medicines/menthodex-pain-balm-10gm.jpg","Success"
"PLATIGEN CAP - 10 CAP","/images/medicines/platigen-cap-10-cap.jpg","Success"
"DAPATRUST-M 10/500 - 15TAB","/images/medicines/dapatrust-m-10-500-15tab.jpg","Success"
"CHYMOTAS FORTE TABLET 20'S","/images/medicines/chymotas-forte-tablet-20-s.jpg","Success"
"ALKEMZYME DIGESTIVE TAB - 15TAB","/images/medicines/alkemzyme-digestive-tab-15tab.jpg","Success"
"PHYSITEL TRIO 6.25 MG TAB - 10TAB","/images/medicines/physitel-trio-6-25-mg-tab-10tab.jpg","Success"
"BYZEPTA  -10TAB - 10TAB","/images/medicines/byzepta-10tab-10tab.jpg","Success"
"CLASSMET G 1MG STRIP OF 15 TABLETS","/images/medicines/classmet-g-1mg-strip-of-15-tablets.jpg","Success"
"SAPAT BOTTLE OF 25ML LOTION","/images/medicines/sapat-bottle-of-25ml-lotion.jpg","Success"
"KHATNIL SPRAY - 500ML","/images/medicines/khatnil-spray-500ml.jpg","Success"
"ZEMPRED 4MG TAB 10`S","/images/medicines/zempred-4mg-tab-10-s.jpg","Success"
"ZANOCIN 50MG ORAL SOLUTION 60ML","/images/medicines/zanocin-50mg-oral-solution-60ml.jpg","Success"
"ZANOCIN 200MG TAB - 10 NO'S","/images/medicines/zanocin-200mg-tab-10-no-s.jpg","Success"
"VYLDA M 500MG TABLET 10'S","/images/medicines/vylda-m-500mg-tablet-10-s.jpg","Success"
"MEFTAL P SUSP 60ML","/images/medicines/meftal-p-susp-60ml.jpg","Success"
"VOGLIGRESS 0.3MG STRIP OF 10 TABLETS","/images/medicines/vogligress-0-3mg-strip-of-10-tablets.jpg","Success"
"PIOZ 7.5MG STRIP OF 10 TABLETS","/images/medicines/pioz-7-5mg-strip-of-10-tablets.jpg","Success"
"ASTHALIN 200MCG BOX OF 60 ROTACAPS","/images/medicines/asthalin-200mcg-box-of-60-rotacaps.jpg","Success"
"BILAMBIC M STRIP OF 10 TABLETS","/images/medicines/bilambic-m-strip-of-10-tablets.jpg","Success"
"ASCORIL LS JUNIOR BOTTLE OF 60ML EXPECTORANT BOTTLE 60ML","/images/medicines/ascoril-ls-junior-bottle-of-60ml-expectorant-bottle-60ml.jpg","Success"
"ALEX COUGH FORMULA SYP 100ML 100ML","/images/medicines/alex-cough-formula-syp-100ml-100ml.jpg","Success"
"CINNAMON CAP 60'S","/images/medicines/cinnamon-cap-60-s.jpg","Success"
"PILON TAB 10'S","/images/medicines/pilon-tab-10-s.jpg","Success"
"STAMLO D TAB  - 15TAB","/images/medicines/stamlo-d-tab-15tab.jpg","Success"
"AMANZA MV 2 TABLET 10 NO'S","/images/medicines/amanza-mv-2-tablet-10-no-s.jpg","Success"
"AMBOLEV 5MG TABLET STRIP 10 NO'S","/images/medicines/ambolev-5mg-tablet-strip-10-no-s.jpg","Success"
"PETALIFE DXR CAPSULE 10'S","/images/medicines/petalife-dxr-capsule-10-s.jpg","Success"
"MEDILAX SYP 100ML","/images/medicines/medilax-syp-100ml.jpg","Success"
"TRIPHALA CHURNA 50GM","/images/medicines/triphala-churna-50gm.jpg","Success"
"TRIPHALA CHURNA 60GM","/images/medicines/triphala-churna-60gm.jpg","Success"
"ENERZAL ZERO ORANGE FLAVOUR 5G POWDER","/images/medicines/enerzal-zero-orange-flavour-5g-powder.jpg","Success"
"DUPHALAC BOTTLE OF 450ML SOLUTION","/images/medicines/duphalac-bottle-of-450ml-solution.jpg","Success"
"WARF 5MG TAB - 30TAB","/images/medicines/warf-5mg-tab-30tab.jpg","Success"
"ROSUMAC ASP 10/75MG CAP 10`S","/images/medicines/rosumac-asp-10-75mg-cap-10-s.jpg","Success"
"AZTOR 10MG STRIP OF 15 TABLETS","/images/medicines/aztor-10mg-strip-of-15-tablets.jpg","Success"
"FERODEN-XT -  10TAB - 10 TAB","/images/medicines/feroden-xt-10tab-10-tab.jpg","Success"
"CETAPHIL GENTLE SENSITIVE SKIN CLEANSER 125ML LOTION 125ML","/images/medicines/cetaphil-gentle-sensitive-skin-cleanser-125ml-lotion-125ml.jpg","Success"
"ULTRAMAX TAB - 15TAB","/images/medicines/ultramax-tab-15tab.jpg","Success"
"PREGAFAB NT TAB - 10 TAB","/images/medicines/pregafab-nt-tab-10-tab.jpg","Success"
"OTRIVIN OXY ADULT NASAL DROP 10ML","/images/medicines/otrivin-oxy-adult-nasal-drop-10ml.jpg","Success"
"NEO MERCAZOLE 10MG TABLET 120'S","/images/medicines/neo-mercazole-10mg-tablet-120-s.jpg","Success"
"ODIMONT FX TABLET 15'S","/images/medicines/odimont-fx-tablet-15-s.jpg","Success"
"THYRONORM 150MCG BOTTLE OF 120 TABLETS","/images/medicines/thyronorm-150mcg-bottle-of-120-tablets.jpg","Success"
"PENTIDS 400  - 10tab","/images/medicines/pentids-400-10tab.jpg","Success"
"HENZOVIT CAP 10`S","/images/medicines/henzovit-cap-10-s.jpg","Success"
"LACTIFIBER GRANULES 180GM PCS 1X1","/images/medicines/lactifiber-granules-180gm-pcs-1x1.jpg","Success"
"GLIMY SM1 FORTE TABS - 10TAB","/images/medicines/glimy-sm1-forte-tabs-10tab.jpg","Success"
"LEVIPIL SYP 100ML","/images/medicines/levipil-syp-100ml.jpg","Success"
"BUDECORT 0.5MG RESPULES 2ML","/images/medicines/budecort-0-5mg-respules-2ml.jpg","Success"
"DYDROBOON STRIP OF 10 TABLETS","/images/medicines/dydroboon-strip-of-10-tablets.jpg","Success"
"ROSUVAS 10MG STRIP OF 15 TABLETS","/images/medicines/rosuvas-10mg-strip-of-15-tablets.jpg","Success"
"SHELCAL 500MG TAB - 15`S","/images/medicines/shelcal-500mg-tab-15-s.jpg","Success"
"MACSART AM 40MG STRIP OF 10 TABLETS","/images/medicines/macsart-am-40mg-strip-of-10-tablets.jpg","Success"
"PAN 40MG TAB 15`S","/images/medicines/pan-40mg-tab-15-s.jpg","Success"
"DUOLIN 3 RESPULES 3ML 3ML","/images/medicines/duolin-3-respules-3ml-3ml.jpg","Success"
"LIV 52 TAB - 100 NO'S","/images/medicines/liv-52-tab-100-no-s.jpg","Success"
"FORACORT 200MCG ROTACAPS","/images/medicines/foracort-200mcg-rotacaps.jpg","Success"
"CREMAFFIN PLUS SYP 225ML - 225ML","/images/medicines/cremaffin-plus-syp-225ml-225ml.jpg","Success"
"YESAKA SYRUP 600ML","/images/medicines/yesaka-syrup-600ml.jpg","Success"
"AMRUTANJAN PAIN RELIEF BALM BOTTLE OF 50 ML","/images/medicines/amrutanjan-pain-relief-balm-bottle-of-50-ml.jpg","Success"
"ISRYL M 2MG TAB 15'S","/images/medicines/isryl-m-2mg-tab-15-s.jpg","Success"
"DUPHALAC SOLUTION 150ML - 150ML","/images/medicines/duphalac-solution-150ml-150ml.jpg","Success"
"WARF 5MG TABLET 30'S","/images/medicines/warf-5mg-tablet-30-s.jpg","Success"
"PROLOMET XL 25MG TAB - 15TAB","/images/medicines/prolomet-xl-25mg-tab-15tab.jpg","Success"
"LASILACTONE 50MG TAB 10`S","/images/medicines/lasilactone-50mg-tab-10-s.jpg","Success"
"DILZEM 30MG 15'S","/images/medicines/dilzem-30mg-15-s.jpg","Success"
"K GLIM M1 TAB 15'S","/images/medicines/k-glim-m1-tab-15-s.jpg","Success"
"AB PHYLLINE 15CAP - 15CAP","/images/medicines/ab-phylline-15cap-15cap.jpg","Success"
"MICOB SUGAR FREE SYRUP 150 ML","/images/medicines/micob-sugar-free-syrup-150-ml.jpg","Success"
"CYRA D CAP 10`S 10`S","/images/medicines/cyra-d-cap-10-s-10-s.jpg","Success"
"LUKOTAS HD STRIP OF 10 TABLETS","/images/medicines/lukotas-hd-strip-of-10-tablets.jpg","Success"
"NEUROBION FORTE TAB - 30 NO'S","/images/medicines/neurobion-forte-tab-30-no-s.jpg","Success"
"ATARAX DROPS 15ML","/images/medicines/atarax-drops-15ml.jpg","Success"
"RA THERMOSEAL FRESH MINT TOOTHPASTE 50GM","/images/medicines/ra-thermoseal-fresh-mint-toothpaste-50gm.jpg","Success"
"THERMOSEAL RA PASTE 100GM","/images/medicines/thermoseal-ra-paste-100gm.jpg","Success"
"TONOFERON DROPS 15ML","/images/medicines/tonoferon-drops-15ml.jpg","Success"
"GECOMOL GEL -30GM - 30GM","/images/medicines/gecomol-gel-30gm-30gm.jpg","Success"
"FAMLYVIT - 15 TAB - 15TAB","/images/medicines/famlyvit-15-tab-15tab.jpg","Success"
"CANDEAS DUSTING POWDER-100GM - 100GM","/images/medicines/candeas-dusting-powder-100gm-100gm.jpg","Success"
"FEMINA XT TABLET 10'S","/images/medicines/femina-xt-tablet-10-s.jpg","Success"
"COR 3 TAB - 15'S","/images/medicines/cor-3-tab-15-s.jpg","Success"
"ABHAYRAB INJ 0.5ML 1ML","/images/medicines/abhayrab-inj-0-5ml-1ml.jpg","Success"
"HIMALAYA SHISHU ANAND BABY WIPE 72 NO'S","/images/medicines/himalaya-shishu-anand-baby-wipe-72-no-s.jpg","Success"
"WIKORYL SUSP - 60 ML","/images/medicines/wikoryl-susp-60-ml.jpg","Success"
"POLYBION LC MANGO FLAVOUR BOTTLE OF 150ML SYRUP","/images/medicines/polybion-lc-mango-flavour-bottle-of-150ml-syrup.jpg","Success"
"WIKORYL DS SUSP - 60 ML","/images/medicines/wikoryl-ds-susp-60-ml.jpg","Success"
"TUSQ X BOTTLE OF 100ML EXPECTORANT","/images/medicines/tusq-x-bottle-of-100ml-expectorant.jpg","Success"
"TELTEL AM TAB - 15TAB","/images/medicines/teltel-am-tab-15tab.jpg","Success"
"PIONORM 15MG TABLET 10'S","/images/medicines/pionorm-15mg-tablet-10-s.jpg","Success"
"DOXOLIN 400MG STRIP OF 30 TABLETS","/images/medicines/doxolin-400mg-strip-of-30-tablets.jpg","Success"
"BRENTAMIN STRIP OF 10 TABLETS","/images/medicines/brentamin-strip-of-10-tablets.jpg","Success"
"CIPLOX 500MG TABLET","/images/medicines/ciplox-500mg-tablet.jpg","Success"
"SITAMAX GM 2 FORTE TABS - 10TAB","/images/medicines/sitamax-gm-2-forte-tabs-10tab.jpg","Success"
"VOGLIGRESS 0.2MG STRIP OF 10 TABLETS","/images/medicines/vogligress-0-2mg-strip-of-10-tablets.jpg","Success"
"RENOPRESS XL 5MG 10'S","/images/medicines/renopress-xl-5mg-10-s.jpg","Success"
"NUTROLIN B BOTTLE OF 60ML SYRUP","/images/medicines/nutrolin-b-bottle-of-60ml-syrup.jpg","Success"
"ISTAMET 50/500MG TAB 15`S","/images/medicines/istamet-50-500mg-tab-15-s.jpg","Success"
"GIBTULIO 25MG STRIP OF 10 TABLETS","/images/medicines/gibtulio-25mg-strip-of-10-tablets.jpg","Success"
"SPORLAC EVA CAPS - 10CAP","/images/medicines/sporlac-eva-caps-10cap.jpg","Success"
"IGCAID SYP - 60ML","/images/medicines/igcaid-syp-60ml.jpg","Success"
"ZONEGRAN 100MG STRIP OF 10 TABLETS","/images/medicines/zonegran-100mg-strip-of-10-tablets.jpg","Success"
"WALAMYCIN SUSP 30ML 30ML","/images/medicines/walamycin-susp-30ml-30ml.jpg","Success"
"GLIMIP 0.5MG TAB - 10TAB","/images/medicines/glimip-0-5mg-tab-10tab.jpg","Success"
"ZEFWAY 200MG DT STRIP OF 10 TABLETS","/images/medicines/zefway-200mg-dt-strip-of-10-tablets.jpg","Success"
"DICLOGEM TABLET","/images/medicines/diclogem-tablet.jpg","Success"
"CEFLOX D E/E DROPS 10ML","/images/medicines/ceflox-d-e-e-drops-10ml.jpg","Success"
"KUFTIVE TAB 10'S","/images/medicines/kuftive-tab-10-s.jpg","Success"
"METNI 8MG STRIP OF 10 TABLETS","/images/medicines/metni-8mg-strip-of-10-tablets.jpg","Success"
"ROSUVASTIN GOLD 20MG STRIP OF 10 CAPSULES","/images/medicines/rosuvastin-gold-20mg-strip-of-10-capsules.jpg","Success"
"PROTEEN PLUS POW - 200 GM","/images/medicines/proteen-plus-pow-200-gm.jpg","Success"
"REXCOF DX NF BOTTLE OF 100ML SYRUP","/images/medicines/rexcof-dx-nf-bottle-of-100ml-syrup.jpg","Success"
"EVERFRESH 0.5% TEARS EYE DROP 10ML","/images/medicines/everfresh-0-5-tears-eye-drop-10ml.jpg","Success"
"NAYLAX TAB - 30TAB","/images/medicines/naylax-tab-30tab.jpg","Success"
"LEFNO 10MG TABLET","/images/medicines/lefno-10mg-tablet.jpg","Success"
"HCQS 300MG TABLET","/images/medicines/hcqs-300mg-tablet.jpg","Success"
"THYRONORM 25MCG TAB 120``S 120`S","/images/medicines/thyronorm-25mcg-tab-120-s-120-s.jpg","Success"
"PANDERM PLUS CREAM 15GM","/images/medicines/panderm-plus-cream-15gm.jpg","Success"
"NUTROLIN B PLUS - 15CAP","/images/medicines/nutrolin-b-plus-15cap.jpg","Success"
"DAPANORM L 10MG TAB - 10TAB","/images/medicines/dapanorm-l-10mg-tab-10tab.jpg","Success"
"CANDID V3 TAB 3`S","/images/medicines/candid-v3-tab-3-s.jpg","Success"
"AMLOKIND 5MG STRIP OF 15 TABLETS","/images/medicines/amlokind-5mg-strip-of-15-tablets.jpg","Success"
"CLEAR 1% GEL 20 GM","/images/medicines/clear-1-gel-20-gm.jpg","Success"
"MITOCAL CCM STRIP OF 15 TABLETS","/images/medicines/mitocal-ccm-strip-of-15-tablets.jpg","Success"
"TEL TEL AM STRIP OF 10 TABLETS","/images/medicines/tel-tel-am-strip-of-10-tablets.jpg","Success"
"ARNOPEN LINIMENT 60ML","/images/medicines/arnopen-liniment-60ml.jpg","Success"
"SEEMOL TOOTH POWDER - NOS","/images/medicines/seemol-tooth-powder-nos.jpg","Success"
"NAPROPASS 250 TAB - 15TAB","/images/medicines/napropass-250-tab-15tab.jpg","Success"
"GLYCOMET TRIO 2MG TABLET 10'S","/images/medicines/glycomet-trio-2mg-tablet-10-s.jpg","Success"
"AMLONG TRIO 40/5/12.5MG - 10 TAB - 10 TAB","/images/medicines/amlong-trio-40-5-12-5mg-10-tab-10-tab.jpg","Success"
"SKINRISE MOIST LOTION - 100ML","/images/medicines/skinrise-moist-lotion-100ml.jpg","Success"
"SARPOT 50MG TABLET 10'S","/images/medicines/sarpot-50mg-tablet-10-s.jpg","Success"
"OILATUM 7.5% BAR 100GM","/images/medicines/oilatum-7-5-bar-100gm.jpg","Success"
"TELMA AM TAB - 15TAB","/images/medicines/telma-am-tab-15tab.jpg","Success"
"TELVAS H 40/12.5MG TABLET 10'S","/images/medicines/telvas-h-40-12-5mg-tablet-10-s.jpg","Success"
"FOLVITE DHA CAP 10'S","/images/medicines/folvite-dha-cap-10-s.jpg","Success"
"CLEAN AND DRY DAILY INTIMATE POWDER 100GM","/images/medicines/clean-and-dry-daily-intimate-powder-100gm.jpg","Success"
"ZOLAX SR 0.5MG TAB 10'S","/images/medicines/zolax-sr-0-5mg-tab-10-s.jpg","Success"
"NUCOXIA 90MG TAB 15'S","/images/medicines/nucoxia-90mg-tab-15-s.jpg","Success"
"MEFTAL SPAS TABLET","/images/medicines/meftal-spas-tablet.jpg","Success"
"LITHOSUN SR 400MG STRIP OF 10 TABLETS","/images/medicines/lithosun-sr-400mg-strip-of-10-tablets.jpg","Success"
"CLOBA 5MG TAB 15'S","/images/medicines/cloba-5mg-tab-15-s.jpg","Success"
"TESS PASTE 5GM","/images/medicines/tess-paste-5gm.jpg","Success"
"O2M DELICIOUS MANGO FLAV SUSP 60ML","/images/medicines/o2m-delicious-mango-flav-susp-60ml.jpg","Success"
"O2 SUSPENSION 60ML BOTTLE 60ML","/images/medicines/o2-suspension-60ml-bottle-60ml.jpg","Success"
"MUCOLITE SYP 100ML 100ML","/images/medicines/mucolite-syp-100ml-100ml.jpg","Success"
"MAXTRA SYP 60ML","/images/medicines/maxtra-syp-60ml.jpg","Success"
"DIAMOX 250MG TABLET 10'S","/images/medicines/diamox-250mg-tablet-10-s.jpg","Success"
"CODISTAR DX SYP - 100ML","/images/medicines/codistar-dx-syp-100ml.jpg","Success"
"VENIZ XR 75MG CAP 10'S","/images/medicines/veniz-xr-75mg-cap-10-s.jpg","Success"
"SUPRACAL OS STRIP OF 10 TABLETS","/images/medicines/supracal-os-strip-of-10-tablets.jpg","Success"
"ORASEP GEL BOTTLE 15ML","/images/medicines/orasep-gel-bottle-15ml.jpg","Success"
"FORACORT 200MCG AUTOHALER 200MD","/images/medicines/foracort-200mcg-autohaler-200md.jpg","Success"
"BECLATE 400MCG ROTACAPS 30'S","/images/medicines/beclate-400mcg-rotacaps-30-s.jpg","Success"
"AEROCORT FORTE ROTACAPS","/images/medicines/aerocort-forte-rotacaps.jpg","Success"
"METHIROZ PLUS CAP 10'S","/images/medicines/methiroz-plus-cap-10-s.jpg","Success"
"MYCLIN EAR DROPS 10ML","/images/medicines/myclin-ear-drops-10ml.jpg","Success"
"OFLOX 100MG REDIUSE BOTTLE OF 60ML SUSPENSION","/images/medicines/oflox-100mg-rediuse-bottle-of-60ml-suspension.jpg","Success"
"STEMETIL MD 5MG STRIP OF 15 TABLETS","/images/medicines/stemetil-md-5mg-strip-of-15-tablets.jpg","Success"
"NUROKIND NEXT STRIP OF 10 CAPSULES","/images/medicines/nurokind-next-strip-of-10-capsules.jpg","Success"
"PLACIDA STRIP OF 10 TABLETS","/images/medicines/placida-strip-of-10-tablets.jpg","Success"
"CUTIMEGA C SERUM - 30ML","/images/medicines/cutimega-c-serum-30ml.jpg","Success"
"MOISTUREX CREAM 100GM","/images/medicines/moisturex-cream-100gm.jpg","Success"
"FLORA BC DRY SYP","/images/medicines/flora-bc-dry-syp.jpg","Success"
"DAFFY WRAP OF 75GM BAR","/images/medicines/daffy-wrap-of-75gm-bar.jpg","Success"
"AUGMENTIN DDS SUSPENSION 30ML","/images/medicines/augmentin-dds-suspension-30ml.jpg","Success"
"KIDS PRO CHOCOLATE POWDER 200 GM","/images/medicines/kids-pro-chocolate-powder-200-gm.jpg","Success"
"DIABORAKSHAK SYP - 200 ML","/images/medicines/diaborakshak-syp-200-ml.jpg","Success"
"ASTEROS F 10/160MG STRIP OF 10 TABLETS","/images/medicines/asteros-f-10-160mg-strip-of-10-tablets.jpg","Success"
"LEVOCET SYP 60ML 60ML","/images/medicines/levocet-syp-60ml-60ml.jpg","Success"
"VITANOVA D3 SACHET 1GM","/images/medicines/vitanova-d3-sachet-1gm.jpg","Success"
"ETIZOLA BETA 0.5MG TABLET 10'S","/images/medicines/etizola-beta-0-5mg-tablet-10-s.jpg","Success"
"METROGYL 400MG TAB 20TAB - 20TAB","/images/medicines/metrogyl-400mg-tab-20tab-20tab.jpg","Success"
"LOPEZ 3MG TAB 10'S","/images/medicines/lopez-3mg-tab-10-s.jpg","Success"
"DERMADEW BABY SHAMPOO - 80ML","/images/medicines/dermadew-baby-shampoo-80ml.jpg","Success"
"NUROKIND PLUS RF CAP - 10'S","/images/medicines/nurokind-plus-rf-cap-10-s.jpg","Success"
"PACIMOL 120MG SUSP 60ML","/images/medicines/pacimol-120mg-susp-60ml.jpg","Success"
"KOFAREST PD SYP 100ML 100ML","/images/medicines/kofarest-pd-syp-100ml-100ml.jpg","Success"
"TRIBEN XT TUBE OF 10GM CREAM","/images/medicines/triben-xt-tube-of-10gm-cream.jpg","Success"
"GLIMZAB MP2 - 15TAB","/images/medicines/glimzab-mp2-15tab.jpg","Success"
"AKULC TAB - 10TAB","/images/medicines/akulc-tab-10tab.jpg","Success"
"CITAL SYP 100ML 100ML","/images/medicines/cital-syp-100ml-100ml.jpg","Success"
"HIMALAYA WELLNESS AYURSLIM WEIGHT MANAGEMENT CAPSULES (3X60) BOTTLE OF 60","/images/medicines/himalaya-wellness-ayurslim-weight-management-capsules-3x60-bottle-of-60.jpg","Success"
"OLIGOCARE FORTE + - 15TAB","/images/medicines/oligocare-forte-15tab.jpg","Success"
"NICARDIA RETARD 20MG  30 TAB  - 30TAB","/images/medicines/nicardia-retard-20mg-30-tab-30tab.jpg","Success"
"REMIN TOOTHPASTE-50GM - 50GM","/images/medicines/remin-toothpaste-50gm-50gm.jpg","Success"
"SOHA LIQUIGEL 0.18% EYE DROPS 5ML","/images/medicines/soha-liquigel-0-18-eye-drops-5ml.jpg","Success"
"PRIMOSA 1000MG STRIP OF 15 CAPSULES","/images/medicines/primosa-1000mg-strip-of-15-capsules.jpg","Success"
"LOOKMAN E HAYAT OIL 100 ML","/images/medicines/lookman-e-hayat-oil-100-ml.jpg","Success"
"AMRUTANJAN BACK PAIN ROLL ON 50ML","/images/medicines/amrutanjan-back-pain-roll-on-50ml.jpg","Success"
"VOMISTOP 10MG STRIP OF 10 TABLETS","/images/medicines/vomistop-10mg-strip-of-10-tablets.jpg","Success"
"VERTIN 16MG STRIP OF 15 TABLETS","/images/medicines/vertin-16mg-strip-of-15-tablets.jpg","Success"
"EMBETA XR 25MG TAB  - 30`S","/images/medicines/embeta-xr-25mg-tab-30-s.jpg","Success"
"VOGLIBITE GM 1/0.3 TABLET 10'S","/images/medicines/voglibite-gm-1-0-3-tablet-10-s.jpg","Success"
"MOMATE S OINT 20GM","/images/medicines/momate-s-oint-20gm.jpg","Success"
"NERVIHENZ PLUS TABS - 10TAB","/images/medicines/nervihenz-plus-tabs-10tab.jpg","Success"
"ENAM 2.5MG TABLET","/images/medicines/enam-2-5mg-tablet.jpg","Success"
"TROPAN 2.5MG TABLET 10'S","/images/medicines/tropan-2-5mg-tablet-10-s.jpg","Success"
"EVARAFT SUSP - 150ML","/images/medicines/evaraft-susp-150ml.jpg","Success"
"CALPOL 120MG STRAWBERRY FLAVOUR BOTTLE OF 60ML SUSPENSION","/images/medicines/calpol-120mg-strawberry-flavour-bottle-of-60ml-suspension.jpg","Success"
"PILEX TAB 60'S","/images/medicines/pilex-tab-60-s.jpg","Success"
"ULTRA D3 4K STRIP OF 30 TABLETS","/images/medicines/ultra-d3-4k-strip-of-30-tablets.jpg","Success"
"IMMUSTAR DROPS 30ML","/images/medicines/immustar-drops-30ml.jpg","Success"
"CEFUWAY 250 - 10TAB - 10 TAB","/images/medicines/cefuway-250-10tab-10-tab.jpg","Success"
"CLINSOL 1% GEL 15GM","/images/medicines/clinsol-1-gel-15gm.jpg","Success"
"ZANDU BALM 8ML","/images/medicines/zandu-balm-8ml.jpg","Success"
"ALPROVIT ACTIVE CHOCOLATE FLAVOUR JAR OF 200GM ORAL POWDER","/images/medicines/alprovit-active-chocolate-flavour-jar-of-200gm-oral-powder.jpg","Success"
"RAMITORVA CAPSULE 10'S","/images/medicines/ramitorva-capsule-10-s.jpg","Success"
"MOSI EYE DROPS 5ML","/images/medicines/mosi-eye-drops-5ml.jpg","Success"
"LIVOGEN Z TAB STRIP 15 NO'S","/images/medicines/livogen-z-tab-strip-15-no-s.jpg","Success"
"BRONKOLYTE DX SYRUP 100ML","/images/medicines/bronkolyte-dx-syrup-100ml.jpg","Success"
"DKF SYP - 100 ML","/images/medicines/dkf-syp-100-ml.jpg","Success"
"CETZINE SYP 60ML","/images/medicines/cetzine-syp-60ml.jpg","Success"
"HANSEPRAN 100MG CAPSULE","/images/medicines/hansepran-100mg-capsule.jpg","Success"
"NEBZMART FB 1MG SMARTULES 7*2ML","/images/medicines/nebzmart-fb-1mg-smartules-7-2ml.jpg","Success"
"ANDREAS GLUCOSE-D  ORAN -120GM - 120GM","/images/medicines/andreas-glucose-d-oran-120gm-120gm.jpg","Success"
"UTISER SYP -100ML - 100 ML","/images/medicines/utiser-syp-100ml-100-ml.jpg","Success"
"KETO MINE DT -15TAB - 15TAB","/images/medicines/keto-mine-dt-15tab-15tab.jpg","Success"
"DIARACLEAN-PLUS TAB - 10TAB","/images/medicines/diaraclean-plus-tab-10tab.jpg","Success"
"DARMEE K-10 MG CREAM - 15GM","/images/medicines/darmee-k-10-mg-cream-15gm.jpg","Success"
"AARJE ME -  20CAP OMEE - 20C","/images/medicines/aarje-me-20cap-omee-20c.jpg","Success"
"T MINIC SYP 60ML BOTTLE 60ML","/images/medicines/t-minic-syp-60ml-bottle-60ml.jpg","Success"
"SUNSHOT GEL SPF-50 - 100GM","/images/medicines/sunshot-gel-spf-50-100gm.jpg","Success"
"ELOSONE HT CREAM 25GM","/images/medicines/elosone-ht-cream-25gm.jpg","Success"
"ELOSONE HT CREAM 15GM","/images/medicines/elosone-ht-cream-15gm.jpg","Success"
"CLOPIZEN A 150 TABLET 10 NO'S","/images/medicines/clopizen-a-150-tablet-10-no-s.jpg","Success"
"SUNROOF LOTION  SPF-50  100ML - 100ML","/images/medicines/sunroof-lotion-spf-50-100ml-100ml.jpg","Success"
"OMNIGEL GEL 75GM","/images/medicines/omnigel-gel-75gm.jpg","Success"
"OMNIGEL SPRAY 55GM","/images/medicines/omnigel-spray-55gm.jpg","Success"
"OMNIGEL GEL 20GM","/images/medicines/omnigel-gel-20gm.jpg","Success"
"CADILA ORS ORANGE POWDER 21GM","/images/medicines/cadila-ors-orange-powder-21gm.jpg","Success"
"KETOKEM SHAMPOO 110ML","/images/medicines/ketokem-shampoo-110ml.jpg","Success"
"GLIMP M 1MG STRIP OF 10 TABLETS","/images/medicines/glimp-m-1mg-strip-of-10-tablets.jpg","Success"
"AMLIP 5MG TABLET 10'S","/images/medicines/amlip-5mg-tablet-10-s.jpg","Success"
"ZUBITIN 10MG TABLET","/images/medicines/zubitin-10mg-tablet.jpg","Success"
"SOHA 0.1% EYE DROPS 5ML","/images/medicines/soha-0-1-eye-drops-5ml.jpg","Success"
"ENCORATE SYP 200ML 200ML","/images/medicines/encorate-syp-200ml-200ml.jpg","Success"
"CARVISTAR 3.125MG STRIP OF 15 TABLETS","/images/medicines/carvistar-3-125mg-strip-of-15-tablets.jpg","Success"
"SANDU SHISHUVIN BALKADU 200ML","/images/medicines/sandu-shishuvin-balkadu-200ml.jpg","Success"
"SANDU SHISHUVIN SYRUP 100 ML","/images/medicines/sandu-shishuvin-syrup-100-ml.jpg","Success"
"CONOZOL SHAMPOO 100ML  - 100 ML","/images/medicines/conozol-shampoo-100ml-100-ml.jpg","Success"
"METHYL SALICYLATE SOLUTION - 100ML","/images/medicines/methyl-salicylate-solution-100ml.jpg","Success"
"ACNESTAR 2.5% SOAP 75GM","/images/medicines/acnestar-2-5-soap-75gm.jpg","Success"
"GEMCAL CAP 15`S","/images/medicines/gemcal-cap-15-s.jpg","Success"
"CHAPTEX LIP BALM 10GM","/images/medicines/chaptex-lip-balm-10gm.jpg","Success"
"AQUASOFT FC ADVANCED CREAM 100GM","/images/medicines/aquasoft-fc-advanced-cream-100gm.jpg","Success"
"CLINFRESH SOAP 75 G","/images/medicines/clinfresh-soap-75-g.jpg","Success"
"BECOSULES CAP 20`S 20`S","/images/medicines/becosules-cap-20-s-20-s.jpg","Success"
"KETO B CREAM 10GM","/images/medicines/keto-b-cream-10gm.jpg","Success"
"SUCRALHENZ SYP - 200ML","/images/medicines/sucralhenz-syp-200ml.jpg","Success"
"LOBACHEK 5MG TAB 10'S","/images/medicines/lobachek-5mg-tab-10-s.jpg","Success"
"VOGLI RAPID 0.3/0.5 TAB 10'S","/images/medicines/vogli-rapid-0-3-0-5-tab-10-s.jpg","Success"
"GLYCOMET SR 500MG STRIP OF 20 TABLETS","/images/medicines/glycomet-sr-500mg-strip-of-20-tablets.jpg","Success"
"ZERODOL TH 4MG TABLET 10'S","/images/medicines/zerodol-th-4mg-tablet-10-s.jpg","Success"
"MCLAZIDE + M STRIP OF 15 TABLETS","/images/medicines/mclazide-m-strip-of-15-tablets.jpg","Success"
"SARPOT AM 15TAB - 15TAB","/images/medicines/sarpot-am-15tab-15tab.jpg","Success"
"NUSOWIN ADULT VANILLA POWDER 200 G","/images/medicines/nusowin-adult-vanilla-powder-200-g.jpg","Success"
"GLIMESTAR M 2 15TAB - 15TAB","/images/medicines/glimestar-m-2-15tab-15tab.jpg","Success"
"SPORIDEX 250MG REDIMIX 30ML 30ML","/images/medicines/sporidex-250mg-redimix-30ml-30ml.jpg","Success"
"BIOSIA 1000MG TAB - 10TAB","/images/medicines/biosia-1000mg-tab-10tab.jpg","Success"
"FOMIRA EYE DROP 10ML","/images/medicines/fomira-eye-drop-10ml.jpg","Success"
"R4CLEAR TABS - 10TAB","/images/medicines/r4clear-tabs-10tab.jpg","Success"
"OLOPLUS OD EYE DROPS 3ML","/images/medicines/oloplus-od-eye-drops-3ml.jpg","Success"
"LOTEPRED LS 0.2% EYE DROPS 5ML","/images/medicines/lotepred-ls-0-2-eye-drops-5ml.jpg","Success"
"SITAMAX 50 MG TABLET 10 NO'S","/images/medicines/sitamax-50-mg-tablet-10-no-s.jpg","Success"
"GIBTULIO 10 STRIP OF 10 TABLETS","/images/medicines/gibtulio-10-strip-of-10-tablets.jpg","Success"
"GLIMY 1MG STRIP OF 10 TABLETS","/images/medicines/glimy-1mg-strip-of-10-tablets.jpg","Success"
"MEXT 7.5MG TABLET 10'S","/images/medicines/mext-7-5mg-tablet-10-s.jpg","Success"
"ETOVA ER 600MG TABLET","/images/medicines/etova-er-600mg-tablet.jpg","Success"
"MITOCAL CT STRIP OF 15 SOFTGEL CAPSULES","/images/medicines/mitocal-ct-strip-of-15-softgel-capsules.jpg","Success"
"AQVIKO M 10 TAB - 10TAB","/images/medicines/aqviko-m-10-tab-10tab.jpg","Success"
"CILIX 10MG STRIP OF 15 TABLETS","/images/medicines/cilix-10mg-strip-of-15-tablets.jpg","Success"
"FEBUDAY 40MG TABLET 10'S","/images/medicines/febuday-40mg-tablet-10-s.jpg","Success"
"LANUM 667MG TABLET","/images/medicines/lanum-667mg-tablet.jpg","Success"
"TRIORAGLIM 2MG TAB - 15TAB","/images/medicines/trioraglim-2mg-tab-15tab.jpg","Success"
"VIVADAPA TRIO TAB - 10TAB","/images/medicines/vivadapa-trio-tab-10tab.jpg","Success"
"FEXANTO ER 40 STRIP OF 10 TABLETS","/images/medicines/fexanto-er-40-strip-of-10-tablets.jpg","Success"
"MCLAZIDE 80MG STRIP OF 15 TABLETS","/images/medicines/mclazide-80mg-strip-of-15-tablets.jpg","Success"
"LEOTOR 100 - 10TAB","/images/medicines/leotor-100-10tab.jpg","Success"
"NARCODOL TAB 10'S","/images/medicines/narcodol-tab-10-s.jpg","Success"
"CALCIMAX D SYP 200ML 200ML","/images/medicines/calcimax-d-syp-200ml-200ml.jpg","Success"
"PIOPAR GZ TOTAL TAB - 15TAB","/images/medicines/piopar-gz-total-tab-15tab.jpg","Success"
"PAUSE 500MG TABLET 10'S","/images/medicines/pause-500mg-tablet-10-s.jpg","Success"
"AMANZA MV 1MG STRIP OF 10 TABLETS","/images/medicines/amanza-mv-1mg-strip-of-10-tablets.jpg","Success"
"COVERSYL PLUS STRIP OF 10 TABLETS","/images/medicines/coversyl-plus-strip-of-10-tablets.jpg","Success"
"FLAVEDON OD 80MG STRIP OF 10 CAPSULES","/images/medicines/flavedon-od-80mg-strip-of-10-capsules.jpg","Success"
"ROSUMAC 5MG STRIP OF 15 TABLETS","/images/medicines/rosumac-5mg-strip-of-15-tablets.jpg","Success"
"TELMA 20MG TAB 30``S 30`S","/images/medicines/telma-20mg-tab-30-s-30-s.jpg","Success"
"NEBI 2.5MG TABLET 10'S","/images/medicines/nebi-2-5mg-tablet-10-s.jpg","Success"
"NEXPRO JUNIOR SACH 1GM","/images/medicines/nexpro-junior-sach-1gm.jpg","Success"
"ELTROXIN 25MG TAB - 120BOTTLE","/images/medicines/eltroxin-25mg-tab-120bottle.jpg","Success"
"SHELCAL XT STRIP OF 15 TABLETS","/images/medicines/shelcal-xt-strip-of-15-tablets.jpg","Success"
"TRIPRIDE 1MG TAB 10'S","/images/medicines/tripride-1mg-tab-10-s.jpg","Success"
"DENTABLIST GEL 80 G","/images/medicines/dentablist-gel-80-g.jpg","Success"
"RAMISTAR 2.5MG TAB - 15`S","/images/medicines/ramistar-2-5mg-tab-15-s.jpg","Success"
"BUNASE 1MG RESPULES 2ML","/images/medicines/bunase-1mg-respules-2ml.jpg","Success"
"MONTEK LC TAB  - 15TAB","/images/medicines/montek-lc-tab-15tab.jpg","Success"
"CALCIMAX P SUSP 200ML - 200ML","/images/medicines/calcimax-p-susp-200ml-200ml.jpg","Success"
"HIMALAYA BRESOL TABLETS - 60'S","/images/medicines/himalaya-bresol-tablets-60-s.jpg","Success"
"KAYAM TAB 10'S","/images/medicines/kayam-tab-10-s.jpg","Success"
"KOZISOL FACE WASH - 100 G","/images/medicines/kozisol-face-wash-100-g.jpg","Success"
"ATARAX 10MG TAB 15`S","/images/medicines/atarax-10mg-tab-15-s.jpg","Success"
"STAMLO 2.5MG TABLET 30'S","/images/medicines/stamlo-2-5mg-tablet-30-s.jpg","Success"
"LEVOFLOX 500MG TABLET","/images/medicines/levoflox-500mg-tablet.jpg","Success"
"KETOROL DT - 15 NO'S","/images/medicines/ketorol-dt-15-no-s.jpg","Success"
"GLIMESTAR M1 15TAB - 15TAB","/images/medicines/glimestar-m1-15tab-15tab.jpg","Success"
"CLAVAM FORTE DRY SYP 30ML 30ML","/images/medicines/clavam-forte-dry-syp-30ml-30ml.jpg","Success"
"BENITOWA 4MG STRIP OF 15 TABLETS","/images/medicines/benitowa-4mg-strip-of-15-tablets.jpg","Success"
"DELPOCALM DROPS 10ML","/images/medicines/delpocalm-drops-10ml.jpg","Success"
"LOBAZAM MD 5MG TAB 10'S","/images/medicines/lobazam-md-5mg-tab-10-s.jpg","Success"
"AZEE 500MG TAB 3`S 3`S","/images/medicines/azee-500mg-tab-3-s-3-s.jpg","Success"
"SHY NM TUBE OF 50GM TOOTHPASTE","/images/medicines/shy-nm-tube-of-50gm-toothpaste.jpg","Success"
"CALPOL 250MG SUSP 60ML 60ML","/images/medicines/calpol-250mg-susp-60ml-60ml.jpg","Success"
"OVA ARK - 100ML","/images/medicines/ova-ark-100ml.jpg","Success"
"FLATKIN SILICONE GEL 10GM","/images/medicines/flatkin-silicone-gel-10gm.jpg","Success"
"STAMLO 5MG TAB - 30TAB","/images/medicines/stamlo-5mg-tab-30tab.jpg","Success"
"VALPARIN CHRONO 200MG STRIP OF 15 TABLETS","/images/medicines/valparin-chrono-200mg-strip-of-15-tablets.jpg","Success"
"LEVOCET M BOTTLE OF 30ML SYRUP","/images/medicines/levocet-m-bottle-of-30ml-syrup.jpg","Success"
"ARBIVIT 3 DROPS 15ML","/images/medicines/arbivit-3-drops-15ml.jpg","Success"
"CARDIROSE GOLD 10 STRIP OF 10 CAPSULES","/images/medicines/cardirose-gold-10-strip-of-10-capsules.jpg","Success"
"DICLOWIN MR INSTANT PAIN RELIEF BOTTLE OF 40GM SPRAY","/images/medicines/diclowin-mr-instant-pain-relief-bottle-of-40gm-spray.jpg","Success"
"RATOL CAKE - 25GM","/images/medicines/ratol-cake-25gm.jpg","Success"
"HAIRSHEILD LIQUID - 30ML","/images/medicines/hairsheild-liquid-30ml.jpg","Success"
"ONDERO MET 2.5MG/500MG 10'S","/images/medicines/ondero-met-2-5mg-500mg-10-s.jpg","Success"
"TERBINAFORCE 250MG STRIP OF 7 TABLETS","/images/medicines/terbinaforce-250mg-strip-of-7-tablets.jpg","Success"
"ERITEL AM 40 TABS 15'S","/images/medicines/eritel-am-40-tabs-15-s.jpg","Success"
"ABIWAYS STRIP OF 15 TABLETS","/images/medicines/abiways-strip-of-15-tablets.jpg","Success"
"OSTEOFOS 70MG TABLET 4'S","/images/medicines/osteofos-70mg-tablet-4-s.jpg","Success"
"GABAPIN 100MG STRIP OF 15 TABLETS","/images/medicines/gabapin-100mg-strip-of-15-tablets.jpg","Success"
"ERYTHRO 250MG TABLET","/images/medicines/erythro-250mg-tablet.jpg","Success"
"NOR TZ TAB 6'S","/images/medicines/nor-tz-tab-6-s.jpg","Success"
"MELAMET CREAM 15GM","/images/medicines/melamet-cream-15gm.jpg","Success"
"ZINVITAL TAB 10'S","/images/medicines/zinvital-tab-10-s.jpg","Success"
"GLYCOMET 500MG STRIP OF 10 TABLETS","/images/medicines/glycomet-500mg-strip-of-10-tablets.jpg","Success"
"PANKREOFLAT STRIP OF 15 TABLETS","/images/medicines/pankreoflat-strip-of-15-tablets.jpg","Success"
"SUJAT CAP 10'S","/images/medicines/sujat-cap-10-s.jpg","Success"
"ASTHALIN 2MG STRIP OF 45 TABLETS","/images/medicines/asthalin-2mg-strip-of-45-tablets.jpg","Success"
"DERMIFORD CREAM 15GM TUBE 15GM","/images/medicines/dermiford-cream-15gm-tube-15gm.jpg","Success"
"SUNROOF LOTION - 60ML","/images/medicines/sunroof-lotion-60ml.jpg","Success"
"CILACAR 10MG TAB - 15`S","/images/medicines/cilacar-10mg-tab-15-s.jpg","Success"
"GABANEURON NT 100/10MG STRIP OF 15 TABLETS","/images/medicines/gabaneuron-nt-100-10mg-strip-of-15-tablets.jpg","Success"
"OVABD TABLET 10'S","/images/medicines/ovabd-tablet-10-s.jpg","Success"
"NEW SHY NM TOOTHPASTE - 100GM","/images/medicines/new-shy-nm-toothpaste-100gm.jpg","Success"
"KESHROOT HAIR OIL - 100 ML","/images/medicines/keshroot-hair-oil-100-ml.jpg","Success"
"INHB TAB - 10TAB","/images/medicines/inhb-tab-10tab.jpg","Success"
"TELMA 20MG STRIP OF 30 TABLETS","/images/medicines/telma-20mg-strip-of-30-tablets.jpg","Success"
"HOMO 16 D TABLET 15'S","/images/medicines/homo-16-d-tablet-15-s.jpg","Success"
"MEFTAL FORTE TABS - 10 S","/images/medicines/meftal-forte-tabs-10-s.jpg","Success"
"CLAVAM BID 228.5MG DRY SYP 30ML","/images/medicines/clavam-bid-228-5mg-dry-syp-30ml.jpg","Success"
"SMARTAID DISPOSABLE SKIN BLAD - 1PC","/images/medicines/smartaid-disposable-skin-blad-1pc.jpg","Success"
"BUDESCORE RESPULES - 2ML","/images/medicines/budescore-respules-2ml.jpg","Success"
"DUOSCORE RESPULES - 3ML","/images/medicines/duoscore-respules-3ml.jpg","Success"
"SPORIDEX CV 375MG STRIP OF 10 TABLETS","/images/medicines/sporidex-cv-375mg-strip-of-10-tablets.jpg","Success"
"BORIC ACID POWDER 50GM","/images/medicines/boric-acid-powder-50gm.jpg","Success"
"BORIC ACID POWDER 100GM","/images/medicines/boric-acid-powder-100gm.jpg","Success"
"BORIC ACID POWDER 20 GM","/images/medicines/boric-acid-powder-20-gm.jpg","Success"
"TIL OIL TAIL - 100 ML","/images/medicines/til-oil-tail-100-ml.jpg","Success"
"HYDROGEN PEROXIDE SOLUTION 25ML","/images/medicines/hydrogen-peroxide-solution-25ml.jpg","Success"
"FLORITE SUPER POWDER PUFF   - 1PIC","/images/medicines/florite-super-powder-puff-1pic.jpg","Success"
"FLYING TIGER CUB BALM 15GM - 15 GM","/images/medicines/flying-tiger-cub-balm-15gm-15-gm.jpg","Success"
"NEVLON MAX TUBE OF 150GM CREAM","/images/medicines/nevlon-max-tube-of-150gm-cream.jpg","Success"
"TEDIBAR BABY SOAP BOX OF 100 G X 2 200GM","/images/medicines/tedibar-baby-soap-box-of-100-g-x-2-200gm.jpg","Success"
"GELUSIL MPS ORIGINAL MINT FLAVOUR TABLET 15'S","/images/medicines/gelusil-mps-original-mint-flavour-tablet-15-s.jpg","Success"
"SOFIRASH CREAM 30GM","/images/medicines/sofirash-cream-30gm.jpg","Success"
"FLUCOLD TABLET 10'S","/images/medicines/flucold-tablet-10-s.jpg","Success"
"QUTAN 25MG TABLET 10'S","/images/medicines/qutan-25mg-tablet-10-s.jpg","Success"
"ZIFI 50MG DRY SYP 30ML","/images/medicines/zifi-50mg-dry-syp-30ml.jpg","Success"
"SAT ISABGOL DEER - 50GM","/images/medicines/sat-isabgol-deer-50gm.jpg","Success"
"RANAKPUR SAT ISABGOL 50GM","/images/medicines/ranakpur-sat-isabgol-50gm.jpg","Success"
"SOFRAMYCIN SKIN CREAM - 30GM","/images/medicines/soframycin-skin-cream-30gm.jpg","Success"
"RABEKIND DSR STRIP OF 10 CAPSULES","/images/medicines/rabekind-dsr-strip-of-10-capsules.jpg","Success"
"DEXORANGE CAP - 30 NO'S","/images/medicines/dexorange-cap-30-no-s.jpg","Success"
"CEFTAS 200MG STRIP OF 10 TABLETS","/images/medicines/ceftas-200mg-strip-of-10-tablets.jpg","Success"
"FOLVITE MB TABLET 3 X 15 NO'S","/images/medicines/folvite-mb-tablet-3-x-15-no-s.jpg","Success"
"LULICAN CREAM 30GM","/images/medicines/lulican-cream-30gm.jpg","Success"
"DEROBIN OINT 30GM","/images/medicines/derobin-oint-30gm.jpg","Success"
"AARJE FEROL -  4CAP - 4CAP","/images/medicines/aarje-ferol-4cap-4cap.jpg","Success"
"AARJE GRA PLUS 100 MG - 4TAB - 4TAB","/images/medicines/aarje-gra-plus-100-mg-4tab-4tab.jpg","Success"
"AARJEPAN 40 AB - 10TAB","/images/medicines/aarjepan-40-ab-10tab.jpg","Success"
"CALAMINE IM LOTION 100ML","/images/medicines/calamine-im-lotion-100ml.jpg","Success"
"GASCAP SUGAR FREE BOTTLE OF 170ML SUSPENSION","/images/medicines/gascap-sugar-free-bottle-of-170ml-suspension.jpg","Success"
"DOFOTIL SYRUP - 200ML","/images/medicines/dofotil-syrup-200ml.jpg","Success"
"KETO AZ SOLUTION 125ml - 125ml","/images/medicines/keto-az-solution-125ml-125ml.jpg","Success"
"ENERZAL ORANGE LIQUID 200ML","/images/medicines/enerzal-orange-liquid-200ml.jpg","Success"
"OLMARK 20MG TAB 15'S","/images/medicines/olmark-20mg-tab-15-s.jpg","Success"
"OSSOPAN D SUSP 200ML","/images/medicines/ossopan-d-susp-200ml.jpg","Success"
"TOFATAS XR  TAB - 10S","/images/medicines/tofatas-xr-tab-10s.jpg","Success"
"L MONTUS SUS 60ML","/images/medicines/l-montus-sus-60ml.jpg","Success"
"ROSIMIT F 10 CAP - 15CAP","/images/medicines/rosimit-f-10-cap-15cap.jpg","Success"
"CYBLEX M 30 XR TAB 15'S","/images/medicines/cyblex-m-30-xr-tab-15-s.jpg","Success"
"DEXOLAC 2 FOLLOW UP FORMULA POWDER 400 G TIN 400GM","/images/medicines/dexolac-2-follow-up-formula-powder-400-g-tin-400gm.jpg","Success"
"SEBAMED BABY MASSAGE OIL - 150ML","/images/medicines/sebamed-baby-massage-oil-150ml.jpg","Success"
"THIOTOP GEL - 30 GM","/images/medicines/thiotop-gel-30-gm.jpg","Success"
"KUSHAL KANTHIL TAB 1'S","/images/medicines/kushal-kanthil-tab-1-s.jpg","Success"
"DIVAA OD 500 15TAB - 15TAB","/images/medicines/divaa-od-500-15tab-15tab.jpg","Success"
"KEPPRA 500MG TABLET 10'S","/images/medicines/keppra-500mg-tablet-10-s.jpg","Success"
"APTAMIL STAGE 1 INFANT FORMULA POWDER WITH PREBIOTICS (UPTO 6 MONTHS) - 400G REFILL","/images/medicines/aptamil-stage-1-infant-formula-powder-with-prebiotics-upto-6-months-400g-refill.jpg","Success"
"MOKTEL DROPS 30ML","/images/medicines/moktel-drops-30ml.jpg","Success"
"APTIVATE SYP SMALL 175ML 175ML","/images/medicines/aptivate-syp-small-175ml-175ml.jpg","Success"
"SOFTOVAC CONSTIPATION RELIEF POWDER BOTTLE OF 100 G","/images/medicines/softovac-constipation-relief-powder-bottle-of-100-g.jpg","Success"
"MUCOPAIN 20% GEL 15GM","/images/medicines/mucopain-20-gel-15gm.jpg","Success"
"REPACE 25MG TABLET 10'S","/images/medicines/repace-25mg-tablet-10-s.jpg","Success"
"PREDMET 8MG STRIP OF 15 TABLETS","/images/medicines/predmet-8mg-strip-of-15-tablets.jpg","Success"
"LICEL OIL 40ML","/images/medicines/licel-oil-40ml.jpg","Success"
"MAHA NARAYAN TAIL - 100ML","/images/medicines/maha-narayan-tail-100ml.jpg","Success"
"DERIPHYLLIN TAB 30'S","/images/medicines/deriphyllin-tab-30-s.jpg","Success"
"DERIPHYLLIN RETARD 150MG TAB 30`S 30`S","/images/medicines/deriphyllin-retard-150mg-tab-30-s-30-s.jpg","Success"
"GLUCOSE D POWDER 200GM","/images/medicines/glucose-d-powder-200gm.jpg","Success"
"GLUCOSE D ORANGE POWDER 100GM","/images/medicines/glucose-d-orange-powder-100gm.jpg","Success"
"TELISMART 40 TAB - 15TAB","/images/medicines/telismart-40-tab-15tab.jpg","Success"
"LIMCEE ZINC CHOW TAB - 15 TAB","/images/medicines/limcee-zinc-chow-tab-15-tab.jpg","Success"
"COLDCAP CAPSULE 15 NO'S","/images/medicines/coldcap-capsule-15-no-s.jpg","Success"
"OFLOTAS 200MG TABLET 10'S","/images/medicines/oflotas-200mg-tablet-10-s.jpg","Success"
"DICLOGEM MR TAB 10`S","/images/medicines/diclogem-mr-tab-10-s.jpg","Success"
"OMNICLAV 375MG TABLET 6'S","/images/medicines/omniclav-375mg-tablet-6-s.jpg","Success"
"PANTOSEC 40MG TABLET 10'S","/images/medicines/pantosec-40mg-tablet-10-s.jpg","Success"
"OKACET 10MG TABLET","/images/medicines/okacet-10mg-tablet.jpg","Success"
"TELMA H 40MG STRIP OF 15 TABLETS","/images/medicines/telma-h-40mg-strip-of-15-tablets.jpg","Success"
"OLMESAR CH 20MG STRIP OF 15 TABLETS","/images/medicines/olmesar-ch-20mg-strip-of-15-tablets.jpg","Success"
"DOMSTAL BABY BOTTLE OF 5ML ORAL DROPS","/images/medicines/domstal-baby-bottle-of-5ml-oral-drops.jpg","Success"
"ATORVA 40 - 10TAB","/images/medicines/atorva-40-10tab.jpg","Success"
"TELMA 40MG 15 TAB - 15TAB","/images/medicines/telma-40mg-15-tab-15tab.jpg","Success"
"ROSEDAY GOLD TAB 10'S","/images/medicines/roseday-gold-tab-10-s.jpg","Success"
"GLYCOMET GP STAR 2MG TABS - 10TAB","/images/medicines/glycomet-gp-star-2mg-tabs-10tab.jpg","Success"
"PIOZ 15MG TAB - 10TAB","/images/medicines/pioz-15mg-tab-10tab.jpg","Success"
"FEMITE LOTION 3 X 9 ML","/images/medicines/femite-lotion-3-x-9-ml.jpg","Success"
"COLICAID DROPS 15ML 15ML","/images/medicines/colicaid-drops-15ml-15ml.jpg","Success"
"CIPLAR LA 20MG TAB 15``S 15`S","/images/medicines/ciplar-la-20mg-tab-15-s-15-s.jpg","Success"
"TRICIUM XT BOTTLE OF 30 TABLETS","/images/medicines/tricium-xt-bottle-of-30-tablets.jpg","Success"
"VIBACT DS CAP 10`S","/images/medicines/vibact-ds-cap-10-s.jpg","Success"
"DR. BISWAS GOOD HEALTH CAPSULE 50","/images/medicines/dr-biswas-good-health-capsule-50.jpg","Success"
"WAYO BIS TABLET 10'S","/images/medicines/wayo-bis-tablet-10-s.jpg","Success"
"FREY-NEBI AM TAB - 10TAB","/images/medicines/frey-nebi-am-tab-10tab.jpg","Success"
"ZINCOVIT SYP 200ML","/images/medicines/zincovit-syp-200ml.jpg","Success"
"BESTCAL HD TAB - 15S","/images/medicines/bestcal-hd-tab-15s.jpg","Success"
"ZIFI DROPS 10ML","/images/medicines/zifi-drops-10ml.jpg","Success"
"SETFLOW SYP - 200 ML","/images/medicines/setflow-syp-200-ml.jpg","Success"
"KOFAREST DROPS 15ML","","Error"
"ROSUVASTIN 10MG STRIP OF 10 TABLETS","/images/medicines/rosuvastin-10mg-strip-of-10-tablets.jpg","Success"
"LACTOMED SUSP 100ML","/images/medicines/lactomed-susp-100ml.jpg","Success"
"AZIZOOM 500MG  - 3TAB","/images/medicines/azizoom-500mg-3tab.jpg","Success"
"VITOMIN D3 400IU DROPS 30ML","/images/medicines/vitomin-d3-400iu-drops-30ml.jpg","Success"
"LOSAR H TAB 15`S","/images/medicines/losar-h-tab-15-s.jpg","Success"
"ANOVATE OINT 20GM - 20GM","/images/medicines/anovate-oint-20gm-20gm.jpg","Success"
"SUCRAFIL O GEL 200ML","/images/medicines/sucrafil-o-gel-200ml.jpg","Success"
"PIOPAR 15MG STRIP OF 15 TABLETS","/images/medicines/piopar-15mg-strip-of-15-tablets.jpg","Success"
"FEBUGOOD 80MG TABLET 10'S","/images/medicines/febugood-80mg-tablet-10-s.jpg","Success"
"UDAPA S 10/100MG STRIP OF 10 TABLETS","/images/medicines/udapa-s-10-100mg-strip-of-10-tablets.jpg","Success"
"LETPRO 2.5MG TABLET","/images/medicines/letpro-2-5mg-tablet.jpg","Success"
"1EX SYRUP - 100 ML","/images/medicines/1ex-syrup-100-ml.jpg","Success"
"SOBISIS FORTE TAB 30TAB - 30 TAB","/images/medicines/sobisis-forte-tab-30tab-30-tab.jpg","Success"
"AMLOKIND AT TAB - 15TAB","/images/medicines/amlokind-at-tab-15tab.jpg","Success"
"FEBURIC 80MG TABLET 15'S","/images/medicines/feburic-80mg-tablet-15-s.jpg","Success"
"NEFROSAVE STRIP OF 15 TABLETS","/images/medicines/nefrosave-strip-of-15-tablets.jpg","Success"
"BEVON DROPS 15ML 15ML","/images/medicines/bevon-drops-15ml-15ml.jpg","Success"
"T MINIC COLD ORANGE FLAVOUR ORAL SYRUP 60 ML","/images/medicines/t-minic-cold-orange-flavour-oral-syrup-60-ml.jpg","Success"
"SAYFER DROPS - 15ML","/images/medicines/sayfer-drops-15ml.jpg","Success"
"CLARINOVA 500MG STRIP OF 10 TABLETS","/images/medicines/clarinova-500mg-strip-of-10-tablets.jpg","Success"
"BRO ZEDEX SF EXP SYP - 100 ML","/images/medicines/bro-zedex-sf-exp-syp-100-ml.jpg","Success"
"SOLVIN COLD SYP 60ML","/images/medicines/solvin-cold-syp-60ml.jpg","Success"
"NAPROSYN 250 + TAB - 15TAB","/images/medicines/naprosyn-250-tab-15tab.jpg","Success"
"TELVAS 40MG - 15TAB","/images/medicines/telvas-40mg-15tab.jpg","Success"
"CILACAR 20MG TABS - 15TAB","/images/medicines/cilacar-20mg-tabs-15tab.jpg","Success"
"NEFROSAVE FORTE TABLET 15'S","/images/medicines/nefrosave-forte-tablet-15-s.jpg","Success"
"IRIVISC EYE DROPS 10ML","/images/medicines/irivisc-eye-drops-10ml.jpg","Success"
"FEMITE NO BITE 1% BOTTLE OF 9ML SOLUTION","/images/medicines/femite-no-bite-1-bottle-of-9ml-solution.jpg","Success"
"ESTRAHEAL 2MG TAB  ESTRADIOL VALERATE  - 28TAB","/images/medicines/estraheal-2mg-tab-estradiol-valerate-28tab.jpg","Success"
"SKINSHINE TUBE OF 30GM CREAM","/images/medicines/skinshine-tube-of-30gm-cream.jpg","Success"
"SKINSHINE TUBE OF 15GM CREAM","/images/medicines/skinshine-tube-of-15gm-cream.jpg","Success"
"ALLEGRA 120MG TAB 10``S 10`S","/images/medicines/allegra-120mg-tab-10-s-10-s.jpg","Success"
"NEO MERCAZOLE 5MG TABLET 120'S","/images/medicines/neo-mercazole-5mg-tablet-120-s.jpg","Success"
"THUJA OINTMENT 25 GM","/images/medicines/thuja-ointment-25-gm.jpg","Success"
"BAIDYANATH CHITRAKADI BATI - 80 TABLETS","/images/medicines/baidyanath-chitrakadi-bati-80-tablets.jpg","Success"
"ZALIM LOTION 10ML","/images/medicines/zalim-lotion-10ml.jpg","Success"
"STIMULIV TABLET 60","/images/medicines/stimuliv-tablet-60.jpg","Success"
"TELVAS CT LS STRIP OF 10 TABLETS","/images/medicines/telvas-ct-ls-strip-of-10-tablets.jpg","Success"
"D RISE 60K CAP - 4`S","/images/medicines/d-rise-60k-cap-4-s.jpg","Success"
"RESPITREE - 6X SYP-100ML - 100ML","/images/medicines/respitree-6x-syp-100ml-100ml.jpg","Success"
"CIPLADINE 5% OINT 10GM","/images/medicines/cipladine-5-oint-10gm.jpg","Success"
"CIPLADINE 5% OINT 15GM","/images/medicines/cipladine-5-oint-15gm.jpg","Success"
"CIPLADINE 7.5% SOLUTION 100ML","/images/medicines/cipladine-7-5-solution-100ml.jpg","Success"
"VENTIMOX-CV 457 SYP - 30ML","/images/medicines/ventimox-cv-457-syp-30ml.jpg","Success"
"VENTIMOX-CV 375  10TAB  - 10  TAB","/images/medicines/ventimox-cv-375-10tab-10-tab.jpg","Success"
"VENTIMOX CV 625 10 TAB - 10TAB","/images/medicines/ventimox-cv-625-10-tab-10tab.jpg","Success"
"V-GEST SR 200 TAB - 10T","/images/medicines/v-gest-sr-200-tab-10t.jpg","Success"
"CLEAR COLD STRIP OF 10 CAPSULES","/images/medicines/clear-cold-strip-of-10-capsules.jpg","Success"
"BILACREST M SUSPENSION - 60ML","/images/medicines/bilacrest-m-suspension-60ml.jpg","Success"
"BUDAMATE TRANSCAPS 200 CAPSULE 10 NO'S","/images/medicines/budamate-transcaps-200-capsule-10-no-s.jpg","Success"
"SOVENTUS JR SYP 60ML","/images/medicines/soventus-jr-syp-60ml.jpg","Success"
"MYOTM TAB 10'S","/images/medicines/myotm-tab-10-s.jpg","Success"
"XSTAN H STRIP OF 15 TABLETS","/images/medicines/xstan-h-strip-of-15-tablets.jpg","Success"
"ON ACNE GEL - 20 GM","/images/medicines/on-acne-gel-20-gm.jpg","Success"
"FAMLYVIT SYP - 200ML","/images/medicines/famlyvit-syp-200ml.jpg","Success"
"AARJE DERM CREAM-15GM - 15  GM","/images/medicines/aarje-derm-cream-15gm-15-gm.jpg","Success"
"ROSE WATER LIQUID 50ML","/images/medicines/rose-water-liquid-50ml.jpg","Success"
"ROSE WATER 100ML","/images/medicines/rose-water-100ml.jpg","Success"
"JINVAR ROSE WATER - 300ML","/images/medicines/jinvar-rose-water-300ml.jpg","Success"
"HCQS 200MG STRIP OF 15 TABLETS","/images/medicines/hcqs-200mg-strip-of-15-tablets.jpg","Success"
"RESTYL 0.25MG TABLET","/images/medicines/restyl-0-25mg-tablet.jpg","Success"
"ZIFI 200MG TABLET 10'S","/images/medicines/zifi-200mg-tablet-10-s.jpg","Success"
"GLYCIPHAGE 500MG TAB 20`S","/images/medicines/glyciphage-500mg-tab-20-s.jpg","Success"
"PANTOCID HP KIT TAB 6'S","/images/medicines/pantocid-hp-kit-tab-6-s.jpg","Success"
"BAIDYANATH NAGPUR PUNARNAVARISHTA (450ML) (PACK OF 2)","/images/medicines/baidyanath-nagpur-punarnavarishta-450ml-pack-of-2.jpg","Success"
"ZIFI 100MG DRY SYP 30ML","/images/medicines/zifi-100mg-dry-syp-30ml.jpg","Success"
"SINAREST DROP - 15ML","/images/medicines/sinarest-drop-15ml.jpg","Success"
"CALAFID TAB - 10TAB","/images/medicines/calafid-tab-10tab.jpg","Success"
"CAL-UP PLUS -10TAB - 10TAB","/images/medicines/cal-up-plus-10tab-10tab.jpg","Success"
"GLUCO ONE TEST STRIPS 25'S","/images/medicines/gluco-one-test-strips-25-s.jpg","Success"
"DYNAPAR QPS PLUS SOLUTION 30ML","/images/medicines/dynapar-qps-plus-solution-30ml.jpg","Success"
"KUMARI ASAV LIQUID 450ML","/images/medicines/kumari-asav-liquid-450ml.jpg","Success"
"BECOCNX D3 STRIP OF 10 TABLETS","/images/medicines/becocnx-d3-strip-of-10-tablets.jpg","Success"
"HISTAFREE M TABLET","/images/medicines/histafree-m-tablet.jpg","Success"
"FLAVEDON MR TAB 10`S","/images/medicines/flavedon-mr-tab-10-s.jpg","Success"
"DAPARYL M 10/500MG STRIP OF 10 TABLETS","/images/medicines/daparyl-m-10-500mg-strip-of-10-tablets.jpg","Success"
"COMBIFLAM TAB 20``S 20`S","/images/medicines/combiflam-tab-20-s-20-s.jpg","Success"
"COED3 STRIP OF 8 CAPSULES","/images/medicines/coed3-strip-of-8-capsules.jpg","Success"
"ZEMPRED 4MG TABLET 10'S","/images/medicines/zempred-4mg-tablet-10-s.jpg","Success"
"WINOLAP 5MG TABLET 10'S","/images/medicines/winolap-5mg-tablet-10-s.jpg","Success"
"CHERICOF T SFSYRUP - 100ML","/images/medicines/chericof-t-sfsyrup-100ml.jpg","Success"
"MUCOMIX 600MG TABLET 10'S","/images/medicines/mucomix-600mg-tablet-10-s.jpg","Success"
"LUPITUSS BOTTLE OF 100ML SUSPENSION","/images/medicines/lupituss-bottle-of-100ml-suspension.jpg","Success"
"PREGAFEM SR 200 TABLET 10 NO'S","/images/medicines/pregafem-sr-200-tablet-10-no-s.jpg","Success"
"I KOLD EYE DROPS 10ML","/images/medicines/i-kold-eye-drops-10ml.jpg","Success"
"GLYCOEX-80 VM FORTE - 10TAB","/images/medicines/glycoex-80-vm-forte-10tab.jpg","Success"
"CLINCITOP GEL 20GM","/images/medicines/clincitop-gel-20gm.jpg","Success"
"BD 2 ML SYRINGE","/images/medicines/bd-2-ml-syringe.jpg","Success"
"ULTRABRITE SKIN CREAM 25GM","/images/medicines/ultrabrite-skin-cream-25gm.jpg","Success"
"FOLITAS 30'S","/images/medicines/folitas-30-s.jpg","Success"
"ABD SUSP 10ML","/images/medicines/abd-susp-10ml.jpg","Success"
"CLEARWAX EAR DROPS 10ML","/images/medicines/clearwax-ear-drops-10ml.jpg","Success"
"RD FLORA CAP - 10 CAP","/images/medicines/rd-flora-cap-10-cap.jpg","Success"
"AMRUTANJAN AROMATIC BALM 8ML","/images/medicines/amrutanjan-aromatic-balm-8ml.jpg","Success"
"AMRUTANJAN MAHA STRONG PAIN RELIEF BALM BOTTLE OF 8 ML","/images/medicines/amrutanjan-maha-strong-pain-relief-balm-bottle-of-8-ml.jpg","Success"
"AMRUTANJAN STRONG 25GM","/images/medicines/amrutanjan-strong-25gm.jpg","Success"
"MEDROL 8MG TAB 14`S","/images/medicines/medrol-8mg-tab-14-s.jpg","Success"
"EPTOIN 100MG BOTTLE OF 120 TABLETS","/images/medicines/eptoin-100mg-bottle-of-120-tablets.jpg","Success"
"NUROKIND OD 1500MCG STRIP OF 20 TABLETS","/images/medicines/nurokind-od-1500mcg-strip-of-20-tablets.jpg","Success"
"MET XL T 25MG STRIP OF 20 TABLETS","/images/medicines/met-xl-t-25mg-strip-of-20-tablets.jpg","Success"
"DESOWEN CREAM 10GM","/images/medicines/desowen-cream-10gm.jpg","Success"
"K DOX STRIP OF 10 CAPSULES","/images/medicines/k-dox-strip-of-10-capsules.jpg","Success"
"IMODIUM CAPSULE","/images/medicines/imodium-capsule.jpg","Success"
"FLEXON TAB 15`S","/images/medicines/flexon-tab-15-s.jpg","Success"
"NUROKIND GOLD INJECTION 2ML","/images/medicines/nurokind-gold-injection-2ml.jpg","Success"
"AZTOR 20MG STRIP OF 15 TABLETS","/images/medicines/aztor-20mg-strip-of-15-tablets.jpg","Success"
"ASOMEX 2.5MG TAB","/images/medicines/asomex-2-5mg-tab.jpg","Success"
"FGL - ZANDU BALM 25 ML - NF3 - 120 (NEW LOGO)","/images/medicines/fgl-zandu-balm-25-ml-nf3-120-new-logo.jpg","Success"
"MENTHODEX PAIN BALM 100 GM","/images/medicines/menthodex-pain-balm-100-gm.jpg","Success"
"RAI TEL - 100ML","/images/medicines/rai-tel-100ml.jpg","Success"
"PILOVEER - 60 TAB - 60 TAB","/images/medicines/piloveer-60-tab-60-tab.jpg","Success"
"M-BRENTA TAB  -10TAB - 10TAB","/images/medicines/m-brenta-tab-10tab-10tab.jpg","Success"
"JIN KOKAM SARBAT - 500 ML","/images/medicines/jin-kokam-sarbat-500-ml.jpg","Success"
"KAPIVA WHEATGRASS JUICE 1L | AYURVEDIC JUICE FOR DETOXIFICATION | HIGH CHLOROPHYLL","/images/medicines/kapiva-wheatgrass-juice-1l-ayurvedic-juice-for-detoxification-high-chlorophyll.jpg","Success"
"EVALON CREAM 15GM","/images/medicines/evalon-cream-15gm.jpg","Success"
"COS 3 DROPS - 30ML","/images/medicines/cos-3-drops-30ml.jpg","Success"
"IVARIL BOTTLE OF 100ML SYRUP","/images/medicines/ivaril-bottle-of-100ml-syrup.jpg","Success"
"RA THERMOSEAL FRESH MINT TOOTHPAST 100GM","/images/medicines/ra-thermoseal-fresh-mint-toothpast-100gm.jpg","Success"
"ZAVACEF 200 LB TAB - 10TAB","/images/medicines/zavacef-200-lb-tab-10tab.jpg","Success"
"NEOSPORIN POWDER 10GM 10GM","/images/medicines/neosporin-powder-10gm-10gm.jpg","Success"
"DESOADD 0.05% CREAM 15GM","/images/medicines/desoadd-0-05-cream-15gm.jpg","Success"
"APRIGLIM M 3MG TABLET 15'S","/images/medicines/apriglim-m-3mg-tablet-15-s.jpg","Success"
"GLIMESTAR PM 2MG STRIP OF 10 TABLETS","/images/medicines/glimestar-pm-2mg-strip-of-10-tablets.jpg","Success"
"TRETIN 0.025% CREAM 30GM","/images/medicines/tretin-0-025-cream-30gm.jpg","Success"
"NEBZMART G PACKET OF 5*2ML SMARTULES","/images/medicines/nebzmart-g-packet-of-5-2ml-smartules.jpg","Success"
"LACTODEX PREMIUM 1 POWDER 400 G","/images/medicines/lactodex-premium-1-powder-400-g.jpg","Success"
"BETADINE 5% CREAM 10GM","/images/medicines/betadine-5-cream-10gm.jpg","Success"
"BRUFEN 400MG TABLET","/images/medicines/brufen-400mg-tablet.jpg","Success"
"ESGIPYRIN TABLET 15'S","/images/medicines/esgipyrin-tablet-15-s.jpg","Success"
"XITCH COOL LIME POWDER 75GM - 75 GM","/images/medicines/xitch-cool-lime-powder-75gm-75-gm.jpg","Success"
"KUFMA RED COUGH CAP - 10CAP","/images/medicines/kufma-red-cough-cap-10cap.jpg","Success"
"ORASORE WHITENING T.P. -50GM - 50 G.","/images/medicines/orasore-whitening-t-p-50gm-50-g.jpg","Success"
"DICLOWIN PLUS MR TAB - 10TAB","/images/medicines/diclowin-plus-mr-tab-10tab.jpg","Success"
"KHATNIL SPRAY - 250ML","/images/medicines/khatnil-spray-250ml.jpg","Success"
"ERANDEL OIL 400ML","/images/medicines/erandel-oil-400ml.jpg","Success"
"DOXYL 100MG STRIP OF 10 CAPSULES","/images/medicines/doxyl-100mg-strip-of-10-capsules.jpg","Success"
"DOXY C CAPSULE 10","/images/medicines/doxy-c-capsule-10.jpg","Success"
"GLYNAMIC M 0.5 TAB - 10TAB","/images/medicines/glynamic-m-0-5-tab-10tab.jpg","Success"
"GUMEX MOUTH PAINT 60ML","/images/medicines/gumex-mouth-paint-60ml.jpg","Success"
"MONCEL FX TAB 10'S","/images/medicines/moncel-fx-tab-10-s.jpg","Success"
"DOXYVA TAB 10'S","/images/medicines/doxyva-tab-10-s.jpg","Success"
"BIOVAS 80MG TABLET 10'S","/images/medicines/biovas-80mg-tablet-10-s.jpg","Success"
"FEBUTEC 40MG STRIP OF 10 TABLETS","/images/medicines/febutec-40mg-strip-of-10-tablets.jpg","Success"
"ROKO 2MG CAPSULE","/images/medicines/roko-2mg-capsule.jpg","Success"
"LIV 52 SYP - 200ML","/images/medicines/liv-52-syp-200ml.jpg","Success"
"ROSETAB GOLD 10 CAP - 10CAP","/images/medicines/rosetab-gold-10-cap-10cap.jpg","Success"
"ZENTEL SYP 10ML","/images/medicines/zentel-syp-10ml.jpg","Success"
"CLOPILET 75MG STRIP OF 15 TABLETS","/images/medicines/clopilet-75mg-strip-of-15-tablets.jpg","Success"
"BETNESOL TAB 20`S 20`S","/images/medicines/betnesol-tab-20-s-20-s.jpg","Success"
"ECOPROT CHOCOLATE POWDER 200GM","/images/medicines/ecoprot-chocolate-powder-200gm.jpg","Success"
"METROHEX PLUS TUBE OF 20GM GEL","/images/medicines/metrohex-plus-tube-of-20gm-gel.jpg","Success"
"CLINFRESH FACE WASH 75ML","/images/medicines/clinfresh-face-wash-75ml.jpg","Success"
"MIGRATREAT TABLET 10 NO'S","/images/medicines/migratreat-tablet-10-no-s.jpg","Success"
"FORGLYN CFC FREE BOTTLE OF 120 METERED DOSE INHALER","/images/medicines/forglyn-cfc-free-bottle-of-120-metered-dose-inhaler.jpg","Success"
"FORMOFLO 250MCG TRASNHALER 120MD 7.2GM","","Error"
"GLYCOMET GP 2MG TAB - 15`S","/images/medicines/glycomet-gp-2mg-tab-15-s.jpg","Success"
"DOLO 650MG TAB - 15`S","/images/medicines/dolo-650mg-tab-15-s.jpg","Success"
"DYTOR PLUS 10MG STRIP OF 15 TABLETS","/images/medicines/dytor-plus-10mg-strip-of-15-tablets.jpg","Success"
"NEXPRO RD 20MG CAPSULE","/images/medicines/nexpro-rd-20mg-capsule.jpg","Success"
"ECONORM SACHET OF 1GM POWDER","/images/medicines/econorm-sachet-of-1gm-powder.jpg","Success"
"ETHIGLO SKIN WHITENING FACE WASH-70 ML","/images/medicines/ethiglo-skin-whitening-face-wash-70-ml.jpg","Success"
"MCROTEL 20MG TABLET 10'S","/images/medicines/mcrotel-20mg-tablet-10-s.jpg","Success"
"MACPROT CHOCOLATE FLAVOUR BOTTLE OF 200GM POWDER","/images/medicines/macprot-chocolate-flavour-bottle-of-200gm-powder.jpg","Success"
"CITAL UTI SYP 100ML","/images/medicines/cital-uti-syp-100ml.jpg","Success"
"OH D3 DROPS 30ML","/images/medicines/oh-d3-drops-30ml.jpg","Success"
"KOFAREST SYP 100ML","/images/medicines/kofarest-syp-100ml.jpg","Success"
"BRACEON CERVICAL COLLAR M - MED","/images/medicines/braceon-cervical-collar-m-med.jpg","Success"
"BRACEON CERVICAL COLLAR  - SMALL","/images/medicines/braceon-cervical-collar-small.jpg","Success"
"REGESTRONE 5MG TABLET","/images/medicines/regestrone-5mg-tablet.jpg","Success"
"BANOCIDE FORTE TAB 30`S 30`S","/images/medicines/banocide-forte-tab-30-s-30-s.jpg","Success"
"PAUSE MF TAB 10`S","/images/medicines/pause-mf-tab-10-s.jpg","Success"
"LACSOFT 12% CREAM 50GM","/images/medicines/lacsoft-12-cream-50gm.jpg","Success"
"AUTRIN STRIP OF 30 CAPSULES","/images/medicines/autrin-strip-of-30-capsules.jpg","Success"
"SELSUN SHAMPOO 120ML","/images/medicines/selsun-shampoo-120ml.jpg","Success"
"ENZOFLAM SV TABLET 10'S","/images/medicines/enzoflam-sv-tablet-10-s.jpg","Success"
"CETAPHIL CLEANSING AND MOISTURISING SYNDET SOAP - 75G","/images/medicines/cetaphil-cleansing-and-moisturising-syndet-soap-75g.jpg","Success"
"ENZOFLAM TABLET","/images/medicines/enzoflam-tablet.jpg","Success"
"TAXIM O 200MG TAB 10`S 10`S","/images/medicines/taxim-o-200mg-tab-10-s-10-s.jpg","Success"
"BI QUINOL STRIP OF 20 TABLETS","/images/medicines/bi-quinol-strip-of-20-tablets.jpg","Success"
"PROTINEX VANILLA NUTRITION DRINK TIN OF 400 G","/images/medicines/protinex-vanilla-nutrition-drink-tin-of-400-g.jpg","Success"
"PROTINEX VANILLA POWDER 250GM REFILL","/images/medicines/protinex-vanilla-powder-250gm-refill.jpg","Success"
"ASCORIL EXPECTORANT 120 ML","/images/medicines/ascoril-expectorant-120-ml.jpg","Success"
"GABAXIA SR 75MG TABLET 10'S","/images/medicines/gabaxia-sr-75mg-tablet-10-s.jpg","Success"
"VITHOBA ROOTFIX PASTE - 40 G. - 40GM","/images/medicines/vithoba-rootfix-paste-40-g-40gm.jpg","Success"
"ALLEGRA M TABLET 10'S","/images/medicines/allegra-m-tablet-10-s.jpg","Success"
"METHIMEZ 10MG TABLET 30'S","/images/medicines/methimez-10mg-tablet-30-s.jpg","Success"
"WYSOLONE DT 5MG STRIP OF 15 TABLETS","/images/medicines/wysolone-dt-5mg-strip-of-15-tablets.jpg","Success"
"HIMCOLIN GEL 30GM","/images/medicines/himcolin-gel-30gm.jpg","Success"
"ZEDEX SF COUGH SUSP 100ML","/images/medicines/zedex-sf-cough-susp-100ml.jpg","Success"
"VOVERAN 1% EMULGEL 30GM","/images/medicines/voveran-1-emulgel-30gm.jpg","Success"
"NEOSPORIN ANTIBIOTIC OINTMENT 1X10G PCS","/images/medicines/neosporin-antibiotic-ointment-1x10g-pcs.jpg","Success"
"DISPRIN REGULAR 325MG TABLET 10'S","/images/medicines/disprin-regular-325mg-tablet-10-s.jpg","Success"
"TENIVA 20MG TABLET 20'S","/images/medicines/teniva-20mg-tablet-20-s.jpg","Success"
"OROTAUCH-40MG -10 TAB - 10TAB","","Error"
"AARJEPAN DSR - 10 CAP - 10CAP","/images/medicines/aarjepan-dsr-10-cap-10cap.jpg","Success"
"AARJEFEX - D -100ML - 100ML","","Error"
"AARJE CAL D3- 15TAB - 15 TAB","/images/medicines/aarje-cal-d3-15tab-15-tab.jpg","Success"
"HERBOFLEX OIL - 100 ML","/images/medicines/herboflex-oil-100-ml.jpg","Success"
"NEOTREAT POWDER   - 10GM","/images/medicines/neotreat-powder-10gm.jpg","Success"
"TELFRESH AM 40 TAB - 10TAB","/images/medicines/telfresh-am-40-tab-10tab.jpg","Success"
"CCM BOTTLE OF 30 TABLETS","/images/medicines/ccm-bottle-of-30-tablets.jpg","Success"
"OTEK AC NEO EAR DROPS 5ML 5ML","/images/medicines/otek-ac-neo-ear-drops-5ml-5ml.jpg","Success"
" Computed Values :","/images/medicines/computed-values.jpg","Success"
"Total Purchased: ","/images/medicines/total-purchased.jpg","Success"